filename,location_label,bbox,wifi_timestamp
keyframe_1780237787096.jpg,Unlabeled,"[938, 1394, 1747, 1801]",1780239222838
keyframe_1780237787096.jpg,Unlabeled,"[1179, 1318, 2048, 2725]",1780239222838
keyframe_1780237787096.jpg,Unlabeled,"[1164, 1289, 2414, 2727]",1780239222838
keyframe_1780237787096.jpg,Unlabeled,"[952, 1397, 1608, 1737]",1780239222838
keyframe_1780239293960.jpg,Room 1,"[502, 1756, 1123, 2119]",1780239250705
keyframe_1780239293960.jpg,Room 1,"[1283, 15, 1382, 304]",1780239250705
keyframe_1780239293960.jpg,Room 1,"[1414, 697, 1481, 882]",1780239250705
keyframe_1780239291385.jpg,Room 1,"[500, 943, 759, 1312]",1780239250705
keyframe_1780239291385.jpg,Room 1,"[268, 953, 505, 1314]",1780239250705
keyframe_1780239291385.jpg,Room 1,"[1848, 1936, 2447, 3258]",1780239250705
keyframe_1780239291385.jpg,Room 1,"[5, 953, 266, 1333]",1780239250705
keyframe_1780237765211.jpg,Unlabeled,"[1606, 1837, 2320, 2189]",1780239222838
keyframe_1780237765211.jpg,Unlabeled,"[1852, 1289, 2447, 1925]",1780239222838
keyframe_1780237765211.jpg,Unlabeled,"[0, 1158, 193, 1613]",1780239222838
keyframe_1780237765211.jpg,Unlabeled,"[0, 1952, 338, 3254]",1780239222838
keyframe_1780237765211.jpg,Unlabeled,"[1172, 1152, 1804, 1917]",1780239222838
keyframe_1780237792855.jpg,Unlabeled,"[1948, 1015, 2329, 1554]",1780239222838
keyframe_1780237792855.jpg,Unlabeled,"[101, 1410, 317, 1668]",1780239222838
keyframe_1780237792855.jpg,Unlabeled,"[1468, 1027, 1793, 1571]",1780239222838
keyframe_1780237764696.jpg,Unlabeled,"[1269, 1623, 1825, 1852]",1780239222838
keyframe_1780237764696.jpg,Unlabeled,"[1467, 1156, 2248, 1672]",1780239222838
keyframe_1780237764696.jpg,Unlabeled,"[2023, 1751, 2446, 3258]",1780239222838
keyframe_1780237764696.jpg,Unlabeled,"[1261, 1514, 1827, 1848]",1780239222838
keyframe_1780237824697.jpg,Unlabeled,"[1805, 2509, 2438, 3263]",1780239222838
keyframe_1780239242678.jpg,Room 1,"[531, 1621, 1020, 1909]",1780239241310
keyframe_1780239242678.jpg,Room 1,"[1706, 1120, 2142, 1745]",1780239241310
keyframe_1780239242678.jpg,Room 1,"[741, 1465, 1568, 2743]",1780239241310
keyframe_1780239242678.jpg,Room 1,"[0, 997, 790, 1780]",1780239241310
keyframe_1780239242678.jpg,Room 1,"[598, 1090, 1244, 1528]",1780239241310
keyframe_1780239242678.jpg,Room 1,"[2252, 452, 2446, 1394]",1780239241310
keyframe_1780239242678.jpg,Room 1,"[1484, 1226, 1761, 2001]",1780239241310
keyframe_1780239242678.jpg,Room 1,"[12, 1137, 642, 1767]",1780239241310
keyframe_1780239242678.jpg,Room 1,"[0, 2724, 309, 3262]",1780239241310
keyframe_1780239228502.jpg,Room 1,"[1437, 1280, 1955, 1745]",1780239232090
keyframe_1780239228502.jpg,Room 1,"[304, 1353, 573, 1595]",1780239232090
keyframe_1780239237393.jpg,Room 1,"[1687, 1759, 1826, 1855]",1780239241310
keyframe_1780239237393.jpg,Room 1,"[576, 1609, 1492, 3027]",1780239241310
keyframe_1780239237393.jpg,Room 1,"[1124, 1606, 1589, 1781]",1780239241310
keyframe_1780239237393.jpg,Room 1,"[1074, 1025, 1765, 1629]",1780239241310
keyframe_1780239237393.jpg,Room 1,"[1586, 485, 2448, 1077]",1780239241310
keyframe_1780239237393.jpg,Room 1,"[1724, 1103, 2446, 1882]",1780239241310
keyframe_1780239237393.jpg,Room 1,"[574, 1605, 1876, 3033]",1780239241310
keyframe_1780239237393.jpg,Room 1,"[1573, 604, 2347, 1069]",1780239241310
keyframe_1780239237393.jpg,Room 1,"[0, 1216, 548, 2370]",1780239241310
keyframe_1780237819338.jpg,Unlabeled,"[682, 1581, 1485, 2987]",1780239222838
keyframe_1780237819338.jpg,Unlabeled,"[1427, 1669, 1826, 1832]",1780239222838
keyframe_1780237819338.jpg,Unlabeled,"[251, 761, 636, 1150]",1780239222838
keyframe_1780237819338.jpg,Unlabeled,"[1937, 1347, 2446, 2038]",1780239222838
keyframe_1780237819338.jpg,Unlabeled,"[2072, 2303, 2448, 2428]",1780239222838
keyframe_1780237819338.jpg,Unlabeled,"[1528, 1301, 1955, 1759]",1780239222838
keyframe_1780237819338.jpg,Unlabeled,"[1861, 823, 1990, 927]",1780239222838
keyframe_1780239221730.jpg,Room 1,"[0, 1485, 639, 1789]",1780239222838
keyframe_1780239221730.jpg,Room 1,"[787, 1307, 1174, 1471]",1780239222838
keyframe_1780239221730.jpg,Room 1,"[1, 1477, 1044, 3228]",1780239222838
keyframe_1780239221730.jpg,Room 1,"[0, 1170, 645, 1800]",1780239222838
keyframe_1780239221730.jpg,Room 1,"[557, 1441, 762, 1526]",1780239222838
keyframe_1780239221730.jpg,Room 1,"[0, 1357, 645, 1811]",1780239222838
keyframe_1780239221730.jpg,Room 1,"[0, 1173, 276, 1571]",1780239222838
keyframe_1780239266335.jpg,Room 1,"[1009, 1455, 1183, 1972]",1780239250705
keyframe_1780239266335.jpg,Room 1,"[586, 1666, 992, 2100]",1780239250705
keyframe_1780239266335.jpg,Room 1,"[1998, 1114, 2446, 1546]",1780239250705
keyframe_1780239266335.jpg,Room 1,"[1628, 2043, 2446, 2744]",1780239250705
keyframe_1780239266335.jpg,Room 1,"[1630, 2042, 2448, 3252]",1780239250705
keyframe_1780239266335.jpg,Room 1,"[924, 2182, 1620, 3236]",1780239250705
keyframe_1780237798015.jpg,Unlabeled,"[621, 1629, 1209, 2504]",1780239222838
manual_1780239239819.jpg,Room 1,"[968, 2039, 1203, 2229]",1780239241310
manual_1780239239819.jpg,Room 1,"[0, 1845, 802, 2171]",1780239241310
manual_1780239239819.jpg,Room 1,"[0, 964, 932, 1730]",1780239241310
manual_1780239239819.jpg,Room 1,"[230, 1, 2119, 907]",1780239241310
manual_1780239239819.jpg,Room 1,"[900, 1040, 2271, 2103]",1780239241310
manual_1780239239819.jpg,Room 1,"[440, 11, 2101, 901]",1780239241310
keyframe_1780239296574.jpg,Room 1,"[849, 1434, 1502, 1803]",1780239250705
keyframe_1780239296574.jpg,Room 1,"[1207, 1811, 1387, 1931]",1780239250705
keyframe_1780239296574.jpg,Room 1,"[2126, 0, 2439, 141]",1780239250705
keyframe_1780239296574.jpg,Room 1,"[1952, 1726, 2446, 2086]",1780239250705
keyframe_1780237794410.jpg,Unlabeled,"[1, 9, 868, 2002]",1780239222838
keyframe_1780237802916.jpg,Unlabeled,"[8, 1612, 903, 3033]",1780239222838
keyframe_1780237802916.jpg,Unlabeled,"[2054, 1899, 2447, 2853]",1780239222838
keyframe_1780237802916.jpg,Unlabeled,"[557, 1131, 822, 1315]",1780239222838
keyframe_1780237802916.jpg,Unlabeled,"[0, 2672, 503, 3262]",1780239222838
keyframe_1780237802916.jpg,Unlabeled,"[1073, 1324, 1421, 1878]",1780239222838
keyframe_1780237802916.jpg,Unlabeled,"[280, 1289, 432, 1457]",1780239222838
keyframe_1780237802916.jpg,Unlabeled,"[1512, 1591, 1994, 2589]",1780239222838
keyframe_1780237802916.jpg,Unlabeled,"[1555, 1540, 2447, 2594]",1780239222838
keyframe_1780237802916.jpg,Unlabeled,"[731, 1246, 1065, 1470]",1780239222838
keyframe_1780237802916.jpg,Unlabeled,"[1424, 1241, 1679, 1845]",1780239222838
keyframe_1780237802916.jpg,Unlabeled,"[284, 1207, 448, 1458]",1780239222838
keyframe_1780237802916.jpg,Unlabeled,"[821, 1115, 881, 1264]",1780239222838
keyframe_1780237802916.jpg,Unlabeled,"[1612, 1547, 2439, 1850]",1780239222838
keyframe_1780239224305.jpg,Room 1,"[932, 1172, 2281, 2174]",1780239222838
keyframe_1780239224305.jpg,Room 1,"[1606, 1718, 2446, 2870]",1780239222838
keyframe_1780239219669.jpg,Room 1,"[1473, 0, 1920, 670]",1780239222838
keyframe_1780239219669.jpg,Room 1,"[2040, 1, 2446, 432]",1780239222838
keyframe_1780237762580.jpg,Unlabeled,"[1782, 1114, 2334, 1495]",1780239222838
keyframe_1780237762580.jpg,Unlabeled,"[2064, 1470, 2446, 2515]",1780239222838
keyframe_1780237809248.jpg,Unlabeled,"[1537, 1143, 1804, 1627]",1780239222838
keyframe_1780237809248.jpg,Unlabeled,"[1702, 1439, 2296, 2343]",1780239222838
keyframe_1780237809248.jpg,Unlabeled,"[2164, 1955, 2446, 2919]",1780239222838
keyframe_1780237809248.jpg,Unlabeled,"[2070, 1523, 2347, 1672]",1780239222838
keyframe_1780237809248.jpg,Unlabeled,"[1419, 809, 1586, 985]",1780239222838
keyframe_1780237809248.jpg,Unlabeled,"[2119, 1957, 2446, 3152]",1780239222838
keyframe_1780237809248.jpg,Unlabeled,"[0, 1599, 359, 2331]",1780239222838
keyframe_1780237809248.jpg,Unlabeled,"[1991, 1193, 2394, 1562]",1780239222838
keyframe_1780237809248.jpg,Unlabeled,"[719, 1062, 908, 1241]",1780239222838
keyframe_1780237846211.jpg,Unlabeled,"[1019, 1787, 1804, 3143]",1780239222838
keyframe_1780237846211.jpg,Unlabeled,"[1096, 1029, 1215, 1388]",1780239222838
keyframe_1780237846211.jpg,Unlabeled,"[824, 1120, 1063, 1382]",1780239222838
keyframe_1780237846211.jpg,Unlabeled,"[1812, 1185, 1899, 1438]",1780239222838
keyframe_1780237846211.jpg,Unlabeled,"[1611, 1177, 1747, 1424]",1780239222838
keyframe_1780237846211.jpg,Unlabeled,"[846, 1127, 1007, 1386]",1780239222838
keyframe_1780239250080.jpg,Room 1,"[568, 1821, 766, 2113]",1780239250705
keyframe_1780239250080.jpg,Room 1,"[815, 1766, 963, 2143]",1780239250705
keyframe_1780239250080.jpg,Room 1,"[0, 1274, 360, 2036]",1780239250705
keyframe_1780239272592.jpg,Room 1,"[540, 1593, 756, 2158]",1780239250705
keyframe_1780239272592.jpg,Room 1,"[215, 1770, 1747, 3245]",1780239250705
keyframe_1780239272592.jpg,Room 1,"[1508, 1854, 2446, 3262]",1780239250705
keyframe_1780239247924.jpg,Room 1,"[0, 1332, 817, 3166]",1780239250705
keyframe_1780237779820.jpg,Unlabeled,"[0, 1695, 699, 2911]",1780239222838
keyframe_1780237779820.jpg,Unlabeled,"[103, 1061, 779, 1518]",1780239222838
keyframe_1780237779820.jpg,Unlabeled,"[787, 1634, 900, 1709]",1780239222838
keyframe_1780237779820.jpg,Unlabeled,"[229, 1555, 698, 1692]",1780239222838
keyframe_1780237779820.jpg,Unlabeled,"[761, 1094, 1316, 1655]",1780239222838
keyframe_1780237779820.jpg,Unlabeled,"[827, 1752, 1267, 1881]",1780239222838
keyframe_1780239236878.jpg,Room 1,"[0, 1331, 549, 2145]",1780239241310
keyframe_1780239236878.jpg,Room 1,"[1846, 1113, 2446, 1727]",1780239241310
keyframe_1780239236878.jpg,Room 1,"[896, 1583, 1690, 2777]",1780239241310
keyframe_1780239236878.jpg,Room 1,"[1268, 1086, 1856, 1552]",1780239241310
keyframe_1780239236878.jpg,Room 1,"[1358, 1553, 1736, 1699]",1780239241310
keyframe_1780239236878.jpg,Room 1,"[1827, 1668, 1945, 1751]",1780239241310
keyframe_1780239236878.jpg,Room 1,"[1679, 491, 2447, 1094]",1780239241310
keyframe_1780239236878.jpg,Room 1,"[1870, 1789, 2415, 1989]",1780239241310
keyframe_1780239236878.jpg,Room 1,"[4, 1013, 897, 1497]",1780239241310
keyframe_1780239263702.jpg,Room 1,"[0, 2031, 1015, 3261]",1780239250705
keyframe_1780239263702.jpg,Room 1,"[1737, 1643, 2146, 2323]",1780239250705
keyframe_1780239263702.jpg,Room 1,"[1007, 1229, 1333, 1474]",1780239250705
keyframe_1780239263702.jpg,Room 1,"[2158, 2172, 2445, 3260]",1780239250705
keyframe_1780239263702.jpg,Room 1,"[437, 1480, 631, 1735]",1780239250705
keyframe_1780239263702.jpg,Room 1,"[1214, 1400, 1633, 1710]",1780239250705
keyframe_1780239263702.jpg,Room 1,"[1223, 1982, 1550, 2685]",1780239250705
keyframe_1780239263702.jpg,Room 1,"[1335, 1231, 1408, 1425]",1780239250705
keyframe_1780239263702.jpg,Room 1,"[593, 1363, 703, 1670]",1780239250705
keyframe_1780239263702.jpg,Room 1,"[905, 1687, 1555, 2679]",1780239250705
keyframe_1780239263702.jpg,Room 1,"[2161, 2168, 2446, 2626]",1780239250705
keyframe_1780237791797.jpg,Unlabeled,"[0, 1015, 804, 2675]",1780239222838
keyframe_1780237843579.jpg,Unlabeled,"[767, 1262, 1232, 1986]",1780239222838
keyframe_1780237843579.jpg,Unlabeled,"[1651, 1500, 2446, 2901]",1780239222838
keyframe_1780237843579.jpg,Unlabeled,"[1435, 1265, 2408, 2084]",1780239222838
keyframe_1780237843579.jpg,Unlabeled,"[1652, 1973, 2448, 2899]",1780239222838
keyframe_1780237843579.jpg,Unlabeled,"[0, 1434, 316, 2459]",1780239222838
keyframe_1780237843579.jpg,Unlabeled,"[644, 921, 762, 1082]",1780239222838
keyframe_1780237843579.jpg,Unlabeled,"[220, 1057, 1569, 1875]",1780239222838
keyframe_1780237843579.jpg,Unlabeled,"[1457, 1267, 2425, 2458]",1780239222838
keyframe_1780237796012.jpg,Unlabeled,"[973, 1649, 1473, 2483]",1780239222838
keyframe_1780237777207.jpg,Unlabeled,"[564, 1268, 878, 1938]",1780239222838
keyframe_1780237777207.jpg,Unlabeled,"[512, 928, 1185, 1270]",1780239222838
keyframe_1780237777207.jpg,Unlabeled,"[698, 593, 1160, 936]",1780239222838
keyframe_1780237770742.jpg,Unlabeled,"[945, 2040, 1606, 2701]",1780239222838
keyframe_1780237813005.jpg,Unlabeled,"[1550, 1203, 2052, 2033]",1780239222838
keyframe_1780237813005.jpg,Unlabeled,"[2105, 996, 2446, 1361]",1780239222838
keyframe_1780237813005.jpg,Unlabeled,"[1313, 664, 1571, 945]",1780239222838
keyframe_1780237813005.jpg,Unlabeled,"[2151, 1427, 2447, 2915]",1780239222838
keyframe_1780237813005.jpg,Unlabeled,"[248, 1139, 782, 2221]",1780239222838
keyframe_1780237813005.jpg,Unlabeled,"[0, 1824, 365, 2934]",1780239222838
keyframe_1780237813005.jpg,Unlabeled,"[2202, 1414, 2446, 2435]",1780239222838
keyframe_1780237813005.jpg,Unlabeled,"[1543, 1221, 1848, 2039]",1780239222838
keyframe_1780239229018.jpg,Room 1,"[1479, 1409, 2049, 1927]",1780239232090
keyframe_1780239229018.jpg,Room 1,"[30, 1615, 396, 1917]",1780239232090
keyframe_1780239229018.jpg,Room 1,"[2260, 115, 2411, 339]",1780239232090
keyframe_1780239235810.jpg,Room 1,"[1334, 1358, 1942, 2259]",1780239232090
keyframe_1780239235810.jpg,Room 1,"[1594, 928, 2446, 1380]",1780239232090
keyframe_1780239235810.jpg,Room 1,"[415, 1162, 981, 1816]",1780239232090
keyframe_1780239244757.jpg,Room 1,"[1247, 1004, 1794, 1823]",1780239241310
keyframe_1780239244757.jpg,Room 1,"[0, 1861, 556, 3250]",1780239241310
keyframe_1780239244757.jpg,Room 1,"[668, 1160, 1274, 2312]",1780239241310
keyframe_1780237813559.jpg,Unlabeled,"[1672, 1282, 2280, 2252]",1780239222838
keyframe_1780237813559.jpg,Unlabeled,"[1402, 690, 1683, 994]",1780239222838
keyframe_1780237813559.jpg,Unlabeled,"[179, 1251, 789, 2487]",1780239222838
keyframe_1780237813559.jpg,Unlabeled,"[192, 1245, 1054, 2489]",1780239222838
keyframe_1780237763666.jpg,Unlabeled,"[1808, 952, 2448, 1396]",1780239222838
keyframe_1780237763666.jpg,Unlabeled,"[2199, 1369, 2447, 2623]",1780239222838
keyframe_1780237763666.jpg,Unlabeled,"[1273, 915, 1776, 1563]",1780239222838
keyframe_1780237763666.jpg,Unlabeled,"[1664, 1048, 1784, 1130]",1780239222838
keyframe_1780237763666.jpg,Unlabeled,"[1660, 1352, 2119, 1525]",1780239222838
keyframe_1780237763666.jpg,Unlabeled,"[189, 1632, 555, 2698]",1780239222838
keyframe_1780237785485.jpg,Unlabeled,"[736, 1135, 1919, 1878]",1780239222838
keyframe_1780237785485.jpg,Unlabeled,"[791, 2073, 1942, 2438]",1780239222838
keyframe_1780237785485.jpg,Unlabeled,"[1958, 1199, 2445, 2125]",1780239222838
keyframe_1780237785485.jpg,Unlabeled,"[2038, 2442, 2249, 2705]",1780239222838
keyframe_1780237785485.jpg,Unlabeled,"[0, 86, 248, 297]",1780239222838
keyframe_1780239260554.jpg,Room 1,"[1946, 954, 2446, 1587]",1780239250705
keyframe_1780239260554.jpg,Room 1,"[1210, 616, 1512, 1090]",1780239250705
keyframe_1780239260554.jpg,Room 1,"[1574, 799, 1943, 1484]",1780239250705
keyframe_1780239260554.jpg,Room 1,"[718, 903, 1157, 1527]",1780239250705
keyframe_1780239260554.jpg,Room 1,"[792, 437, 1000, 667]",1780239250705
keyframe_1780239260554.jpg,Room 1,"[340, 1570, 1009, 2360]",1780239250705
keyframe_1780239260554.jpg,Room 1,"[151, 1238, 1043, 2364]",1780239250705
keyframe_1780239260554.jpg,Room 1,"[608, 1347, 1058, 1992]",1780239250705
keyframe_1780239260554.jpg,Room 1,"[1589, 772, 2447, 1549]",1780239250705
keyframe_1780239260554.jpg,Room 1,"[851, 664, 1141, 911]",1780239250705
keyframe_1780239260554.jpg,Room 1,"[653, 500, 842, 707]",1780239250705
keyframe_1780239264732.jpg,Room 1,"[1277, 1936, 2102, 3261]",1780239250705
keyframe_1780239264732.jpg,Room 1,"[763, 1503, 906, 1928]",1780239250705
keyframe_1780239264732.jpg,Room 1,"[1444, 1264, 1884, 1607]",1780239250705
keyframe_1780239264732.jpg,Room 1,"[533, 1669, 781, 2027]",1780239250705
keyframe_1780239264732.jpg,Room 1,"[1, 2598, 382, 3261]",1780239250705
keyframe_1780239264732.jpg,Room 1,"[1273, 1937, 1957, 2431]",1780239250705
keyframe_1780239264732.jpg,Room 1,"[1691, 1503, 2372, 1963]",1780239250705
keyframe_1780239264732.jpg,Room 1,"[1876, 1281, 1973, 1545]",1780239250705
keyframe_1780237845125.jpg,Unlabeled,"[1240, 1255, 1921, 2325]",1780239222838
keyframe_1780237845125.jpg,Unlabeled,"[1123, 742, 1287, 967]",1780239222838
keyframe_1780237845125.jpg,Unlabeled,"[1342, 653, 1440, 969]",1780239222838
keyframe_1780237845125.jpg,Unlabeled,"[1929, 778, 2036, 1011]",1780239222838
keyframe_1780237845125.jpg,Unlabeled,"[31, 1032, 620, 1741]",1780239222838
keyframe_1780237845125.jpg,Unlabeled,"[14, 1021, 641, 2036]",1780239222838
keyframe_1780237845125.jpg,Unlabeled,"[1781, 778, 1897, 1003]",1780239222838
keyframe_1780237768492.jpg,Unlabeled,"[1535, 630, 1774, 929]",1780239222838
keyframe_1780237768492.jpg,Unlabeled,"[1200, 1713, 1641, 2126]",1780239222838
keyframe_1780239245272.jpg,Room 1,"[1049, 963, 1675, 1847]",1780239241310
keyframe_1780239245272.jpg,Room 1,"[337, 1262, 1076, 2457]",1780239241310
keyframe_1780239245272.jpg,Room 1,"[0, 421, 262, 553]",1780239241310
keyframe_1780239245272.jpg,Room 1,"[0, 1192, 465, 3063]",1780239241310
keyframe_1780237836121.jpg,Unlabeled,"[1439, 1185, 2004, 1919]",1780239222838
keyframe_1780237836121.jpg,Unlabeled,"[307, 1387, 663, 2440]",1780239222838
keyframe_1780237836121.jpg,Unlabeled,"[1812, 1364, 2448, 2450]",1780239222838
keyframe_1780237836121.jpg,Unlabeled,"[1016, 1210, 1292, 1667]",1780239222838
keyframe_1780237836121.jpg,Unlabeled,"[161, 1298, 846, 1849]",1780239222838
keyframe_1780237836121.jpg,Unlabeled,"[1812, 1751, 2448, 2443]",1780239222838
keyframe_1780237836121.jpg,Unlabeled,"[78, 1398, 666, 2442]",1780239222838
keyframe_1780237836121.jpg,Unlabeled,"[325, 1394, 662, 2007]",1780239222838
keyframe_1780237836121.jpg,Unlabeled,"[0, 1846, 396, 2848]",1780239222838
keyframe_1780237836121.jpg,Unlabeled,"[0, 461, 192, 1825]",1780239222838
keyframe_1780239234702.jpg,Room 1,"[381, 855, 1926, 2978]",1780239232090
keyframe_1780239225355.jpg,Room 1,"[1536, 1776, 2447, 2934]",1780239222838
keyframe_1780239225355.jpg,Room 1,"[841, 1183, 2218, 2244]",1780239222838
keyframe_1780239225355.jpg,Room 1,"[0, 2575, 530, 3262]",1780239222838
keyframe_1780239253228.jpg,Room 1,"[16, 987, 945, 2418]",1780239250705
keyframe_1780239253228.jpg,Room 1,"[1127, 2280, 1534, 2899]",1780239250705
keyframe_1780239253228.jpg,Room 1,"[1533, 2484, 1952, 3229]",1780239250705
keyframe_1780237815103.jpg,Unlabeled,"[308, 1420, 1220, 2734]",1780239222838
keyframe_1780237815103.jpg,Unlabeled,"[1645, 1110, 2294, 1735]",1780239222838
keyframe_1780237815103.jpg,Unlabeled,"[1491, 577, 1677, 680]",1780239222838
keyframe_1780237815103.jpg,Unlabeled,"[1429, 579, 1674, 686]",1780239222838
keyframe_1780237815103.jpg,Unlabeled,"[1118, 1454, 1704, 1605]",1780239222838
keyframe_1780239241638.jpg,Room 1,"[0, 1287, 620, 2504]",1780239241310
keyframe_1780239241638.jpg,Room 1,"[662, 983, 1066, 1546]",1780239241310
keyframe_1780239287723.jpg,Room 1,"[1755, 829, 2423, 1767]",1780239250705
keyframe_1780239287723.jpg,Room 1,"[1549, 479, 2028, 805]",1780239250705
keyframe_1780239254792.jpg,Room 1,"[63, 1053, 988, 2518]",1780239250705
keyframe_1780239254792.jpg,Room 1,"[0, 2451, 221, 2789]",1780239250705
keyframe_1780239254792.jpg,Room 1,"[1185, 2396, 1621, 3053]",1780239250705
keyframe_1780239254792.jpg,Room 1,"[718, 2333, 1212, 2801]",1780239250705
keyframe_1780239254792.jpg,Room 1,"[1184, 2398, 1623, 3054]",1780239250705
keyframe_1780237805853.jpg,Unlabeled,"[697, 2483, 1695, 3262]",1780239222838
keyframe_1780237805853.jpg,Unlabeled,"[1216, 986, 1643, 1726]",1780239222838
keyframe_1780237805853.jpg,Unlabeled,"[1208, 1569, 1519, 1768]",1780239222838
keyframe_1780237805853.jpg,Unlabeled,"[1732, 974, 2447, 1650]",1780239222838
keyframe_1780237805853.jpg,Unlabeled,"[1484, 2046, 2183, 3191]",1780239222838
keyframe_1780237805853.jpg,Unlabeled,"[14, 1616, 2448, 3235]",1780239222838
keyframe_1780237805853.jpg,Unlabeled,"[945, 1660, 1208, 1797]",1780239222838
keyframe_1780237805853.jpg,Unlabeled,"[1197, 1927, 1699, 2131]",1780239222838
keyframe_1780237806369.jpg,Unlabeled,"[48, 2299, 1089, 3262]",1780239222838
keyframe_1780237806369.jpg,Unlabeled,"[578, 933, 1047, 1651]",1780239222838
keyframe_1780237806369.jpg,Unlabeled,"[870, 1946, 1510, 3071]",1780239222838
keyframe_1780237806369.jpg,Unlabeled,"[558, 1535, 911, 1747]",1780239222838
keyframe_1780237806369.jpg,Unlabeled,"[1, 1619, 1729, 3035]",1780239222838
keyframe_1780237806369.jpg,Unlabeled,"[0, 1617, 1730, 2597]",1780239222838
keyframe_1780237806369.jpg,Unlabeled,"[296, 1631, 573, 1798]",1780239222838
keyframe_1780239246341.jpg,Room 1,"[175, 964, 835, 2082]",1780239250705
keyframe_1780239246341.jpg,Room 1,"[1762, 1085, 2438, 2110]",1780239250705
keyframe_1780237834481.jpg,Unlabeled,"[1144, 1341, 1369, 1683]",1780239222838
keyframe_1780237834481.jpg,Unlabeled,"[1755, 1376, 2269, 2125]",1780239222838
keyframe_1780237834481.jpg,Unlabeled,"[0, 1390, 348, 3257]",1780239222838
keyframe_1780237834481.jpg,Unlabeled,"[1567, 1318, 1811, 1601]",1780239222838
keyframe_1780237834481.jpg,Unlabeled,"[758, 2729, 896, 2822]",1780239222838
keyframe_1780237834481.jpg,Unlabeled,"[1752, 1549, 2164, 2118]",1780239222838
keyframe_1780237834481.jpg,Unlabeled,"[64, 1, 222, 343]",1780239222838
keyframe_1780237834481.jpg,Unlabeled,"[588, 864, 811, 1580]",1780239222838
keyframe_1780237799044.jpg,Unlabeled,"[1166, 1538, 1635, 2063]",1780239222838
keyframe_1780237799044.jpg,Unlabeled,"[2209, 899, 2447, 1640]",1780239222838
keyframe_1780237799044.jpg,Unlabeled,"[2262, 435, 2446, 913]",1780239222838
keyframe_1780237799044.jpg,Unlabeled,"[1291, 1092, 1856, 1634]",1780239222838
keyframe_1780237799044.jpg,Unlabeled,"[1741, 907, 1985, 1080]",1780239222838
keyframe_1780237799044.jpg,Unlabeled,"[2208, 1168, 2446, 1618]",1780239222838
keyframe_1780237799044.jpg,Unlabeled,"[1631, 836, 1818, 998]",1780239222838
keyframe_1780237840260.jpg,Unlabeled,"[845, 2116, 2258, 3261]",1780239222838
keyframe_1780237840260.jpg,Unlabeled,"[1462, 1895, 1891, 2105]",1780239222838
keyframe_1780237840260.jpg,Unlabeled,"[637, 1137, 1077, 1672]",1780239222838
keyframe_1780237840260.jpg,Unlabeled,"[2147, 1165, 2446, 1489]",1780239222838
keyframe_1780237840260.jpg,Unlabeled,"[2, 642, 378, 860]",1780239222838
keyframe_1780237840260.jpg,Unlabeled,"[1080, 873, 1354, 1108]",1780239222838
keyframe_1780237840260.jpg,Unlabeled,"[616, 862, 998, 1141]",1780239222838
keyframe_1780237832345.jpg,Unlabeled,"[1187, 1366, 1373, 1646]",1780239222838
keyframe_1780237832345.jpg,Unlabeled,"[867, 985, 1010, 1556]",1780239222838
keyframe_1780237832345.jpg,Unlabeled,"[398, 1113, 931, 2275]",1780239222838
keyframe_1780237832345.jpg,Unlabeled,"[960, 1397, 1097, 1727]",1780239222838
keyframe_1780237832345.jpg,Unlabeled,"[1, 1464, 862, 3251]",1780239222838
keyframe_1780237832345.jpg,Unlabeled,"[1557, 1311, 1827, 1774]",1780239222838
keyframe_1780239292930.jpg,Room 1,"[510, 1689, 1107, 2042]",1780239250705
keyframe_1780239292930.jpg,Room 1,"[872, 2034, 1041, 2149]",1780239250705
keyframe_1780239292930.jpg,Room 1,"[1414, 621, 1484, 813]",1780239250705
keyframe_1780237812490.jpg,Unlabeled,"[1642, 1107, 2137, 1893]",1780239222838
keyframe_1780237812490.jpg,Unlabeled,"[496, 1026, 920, 1984]",1780239222838
keyframe_1780237812490.jpg,Unlabeled,"[1474, 593, 1724, 865]",1780239222838
keyframe_1780237812490.jpg,Unlabeled,"[2065, 1299, 2447, 2610]",1780239222838
keyframe_1780237812490.jpg,Unlabeled,"[11, 896, 511, 1300]",1780239222838
keyframe_1780237812490.jpg,Unlabeled,"[2319, 935, 2446, 1252]",1780239222838
keyframe_1780237812490.jpg,Unlabeled,"[2055, 1381, 2445, 2218]",1780239222838
keyframe_1780237792312.jpg,Unlabeled,"[0, 1186, 634, 3249]",1780239222838
keyframe_1780237792312.jpg,Unlabeled,"[555, 1122, 688, 1420]",1780239222838
keyframe_1780239229552.jpg,Room 1,"[1774, 5, 2128, 478]",1780239232090
keyframe_1780237842015.jpg,Unlabeled,"[754, 1212, 1193, 1911]",1780239222838
keyframe_1780237842015.jpg,Unlabeled,"[1371, 1251, 2269, 2022]",1780239222838
keyframe_1780237842015.jpg,Unlabeled,"[1579, 1872, 2448, 2688]",1780239222838
keyframe_1780237842015.jpg,Unlabeled,"[1069, 955, 1145, 1091]",1780239222838
keyframe_1780237842015.jpg,Unlabeled,"[638, 932, 763, 1079]",1780239222838
keyframe_1780237842015.jpg,Unlabeled,"[1532, 852, 1620, 1061]",1780239222838
keyframe_1780237842015.jpg,Unlabeled,"[0, 1374, 344, 2244]",1780239222838
keyframe_1780237842015.jpg,Unlabeled,"[1576, 1370, 2445, 2695]",1780239222838
keyframe_1780237842015.jpg,Unlabeled,"[0, 1383, 356, 2230]",1780239222838
keyframe_1780237778790.jpg,Unlabeled,"[364, 1475, 1057, 2378]",1780239222838
keyframe_1780237778790.jpg,Unlabeled,"[586, 1053, 1077, 1388]",1780239222838
keyframe_1780237778790.jpg,Unlabeled,"[1073, 1042, 1511, 1465]",1780239222838
keyframe_1780237778790.jpg,Unlabeled,"[294, 1384, 1029, 1525]",1780239222838
keyframe_1780239239530.jpg,Room 1,"[935, 2066, 1171, 2264]",1780239241310
keyframe_1780239239530.jpg,Room 1,"[0, 1888, 766, 2202]",1780239241310
keyframe_1780239239530.jpg,Room 1,"[0, 987, 887, 1753]",1780239241310
keyframe_1780239239530.jpg,Room 1,"[73, 1, 2087, 938]",1780239241310
keyframe_1780239239530.jpg,Room 1,"[860, 1068, 2221, 2115]",1780239241310
keyframe_1780237778237.jpg,Unlabeled,"[237, 1229, 900, 2046]",1780239222838
keyframe_1780237778237.jpg,Unlabeled,"[360, 832, 872, 1160]",1780239222838
keyframe_1780237778237.jpg,Unlabeled,"[6, 498, 1248, 1239]",1780239222838
keyframe_1780237778237.jpg,Unlabeled,"[2197, 2148, 2325, 2597]",1780239222838
manual_1780239294535.jpg,Room 1,"[530, 1718, 1155, 2083]",1780239250705
manual_1780239294535.jpg,Room 1,"[895, 2068, 1064, 2185]",1780239250705
manual_1780239294535.jpg,Room 1,"[1459, 664, 1530, 845]",1780239250705
keyframe_1780239244242.jpg,Room 1,"[1408, 883, 1926, 1666]",1780239241310
keyframe_1780239244242.jpg,Room 1,"[963, 1044, 1447, 2065]",1780239241310
keyframe_1780239244242.jpg,Room 1,"[0, 1527, 965, 3258]",1780239241310
keyframe_1780239244242.jpg,Room 1,"[126, 407, 319, 728]",1780239241310
manual_1780239225711.jpg,Room 1,"[1510, 1775, 2447, 2944]",1780239222838
manual_1780239225711.jpg,Room 1,"[829, 1195, 2178, 2255]",1780239222838
manual_1780239225711.jpg,Room 1,"[8, 2015, 982, 2687]",1780239222838
keyframe_1780239286711.jpg,Room 1,"[1, 0, 849, 3191]",1780239250705
keyframe_1780239286711.jpg,Room 1,"[3, 0, 1615, 3214]",1780239250705
keyframe_1780237793876.jpg,Unlabeled,"[12, 1577, 226, 1979]",1780239222838
keyframe_1780237822656.jpg,Unlabeled,"[1479, 1, 2354, 906]",1780239222838
keyframe_1780237789184.jpg,Unlabeled,"[723, 906, 1210, 1725]",1780239222838
keyframe_1780237789184.jpg,Unlabeled,"[0, 1078, 727, 2321]",1780239222838
keyframe_1780237789184.jpg,Unlabeled,"[1924, 981, 2376, 1837]",1780239222838
keyframe_1780237789184.jpg,Unlabeled,"[0, 1163, 194, 1277]",1780239222838
keyframe_1780237789184.jpg,Unlabeled,"[0, 661, 217, 1179]",1780239222838
keyframe_1780237789184.jpg,Unlabeled,"[200, 1126, 348, 1186]",1780239222838
keyframe_1780237783330.jpg,Unlabeled,"[1004, 1816, 1149, 1972]",1780239222838
keyframe_1780237783330.jpg,Unlabeled,"[697, 868, 1471, 1596]",1780239222838
keyframe_1780237783330.jpg,Unlabeled,"[0, 777, 671, 1497]",1780239222838
keyframe_1780237783330.jpg,Unlabeled,"[2, 1687, 897, 1998]",1780239222838
keyframe_1780237783330.jpg,Unlabeled,"[0, 2598, 1861, 3262]",1780239222838
keyframe_1780237783330.jpg,Unlabeled,"[1876, 831, 2446, 1271]",1780239222838
keyframe_1780237783330.jpg,Unlabeled,"[1876, 1461, 2444, 2535]",1780239222838
keyframe_1780237783330.jpg,Unlabeled,"[1807, 1381, 2387, 1671]",1780239222838
keyframe_1780237783330.jpg,Unlabeled,"[1452, 825, 1944, 1307]",1780239222838
keyframe_1780237783330.jpg,Unlabeled,"[1824, 1406, 2218, 1605]",1780239222838
keyframe_1780237783330.jpg,Unlabeled,"[970, 0, 1806, 287]",1780239222838
keyframe_1780239260040.jpg,Room 1,"[1697, 511, 1958, 960]",1780239250705
keyframe_1780239260040.jpg,Room 1,"[1993, 659, 2436, 1331]",1780239250705
keyframe_1780239260040.jpg,Room 1,"[1321, 324, 1519, 528]",1780239250705
keyframe_1780239260040.jpg,Room 1,"[831, 964, 1461, 1923]",1780239250705
keyframe_1780239260040.jpg,Room 1,"[1160, 652, 1619, 1326]",1780239250705
keyframe_1780239260040.jpg,Room 1,"[1174, 896, 1606, 1330]",1780239250705
keyframe_1780239260040.jpg,Room 1,"[1516, 308, 1574, 445]",1780239250705
keyframe_1780237836636.jpg,Unlabeled,"[0, 1472, 505, 2706]",1780239222838
keyframe_1780237836636.jpg,Unlabeled,"[1839, 1638, 2447, 2667]",1780239222838
keyframe_1780237836636.jpg,Unlabeled,"[1479, 1177, 2015, 1978]",1780239222838
keyframe_1780237836636.jpg,Unlabeled,"[926, 1227, 1229, 1698]",1780239222838
keyframe_1780237836636.jpg,Unlabeled,"[0, 1327, 738, 1951]",1780239222838
keyframe_1780237836636.jpg,Unlabeled,"[818, 1022, 904, 1296]",1780239222838
keyframe_1780237836636.jpg,Unlabeled,"[1839, 1692, 2446, 3259]",1780239222838
keyframe_1780237836636.jpg,Unlabeled,"[127, 1199, 406, 1340]",1780239222838
keyframe_1780239262119.jpg,Room 1,"[1961, 1769, 2446, 2655]",1780239250705
keyframe_1780239262119.jpg,Room 1,"[2, 1518, 846, 2938]",1780239250705
keyframe_1780239262119.jpg,Room 1,"[0, 2532, 536, 3262]",1780239250705
keyframe_1780239262119.jpg,Room 1,"[1007, 1205, 1367, 1770]",1780239250705
keyframe_1780239262119.jpg,Room 1,"[1468, 1424, 2448, 2437]",1780239250705
keyframe_1780239262119.jpg,Room 1,"[1446, 1463, 1901, 2396]",1780239250705
keyframe_1780239262119.jpg,Room 1,"[480, 1014, 760, 1242]",1780239250705
keyframe_1780239262119.jpg,Room 1,"[2014, 1095, 2383, 1425]",1780239250705
keyframe_1780239262119.jpg,Room 1,"[413, 1311, 984, 1909]",1780239250705
keyframe_1780239262119.jpg,Room 1,"[1367, 1118, 1607, 1674]",1780239250705
keyframe_1780239262119.jpg,Room 1,"[226, 1115, 379, 1359]",1780239250705
keyframe_1780237823171.jpg,Unlabeled,"[1791, 6, 2445, 1157]",1780239222838
keyframe_1780239265266.jpg,Room 1,"[980, 1431, 1148, 1905]",1780239250705
keyframe_1780239265266.jpg,Room 1,"[638, 1610, 983, 2015]",1780239250705
keyframe_1780239265266.jpg,Room 1,"[1871, 1150, 2434, 1554]",1780239250705
keyframe_1780239265266.jpg,Room 1,"[1535, 1983, 2446, 3264]",1780239250705
keyframe_1780239265266.jpg,Room 1,"[1535, 1980, 2446, 3261]",1780239250705
keyframe_1780239265266.jpg,Room 1,"[1529, 1984, 2427, 2571]",1780239250705
keyframe_1780239249565.jpg,Room 1,"[541, 1609, 736, 1873]",1780239250705
keyframe_1780239249565.jpg,Room 1,"[775, 1540, 923, 1881]",1780239250705
keyframe_1780237828568.jpg,Unlabeled,"[1104, 1550, 1651, 1736]",1780239222838
keyframe_1780237828568.jpg,Unlabeled,"[1511, 1347, 1589, 1562]",1780239222838
keyframe_1780237828568.jpg,Unlabeled,"[1448, 1419, 1513, 1556]",1780239222838
keyframe_1780237828568.jpg,Unlabeled,"[1152, 1427, 1200, 1560]",1780239222838
keyframe_1780237828568.jpg,Unlabeled,"[1232, 1392, 1296, 1564]",1780239222838
keyframe_1780239230067.jpg,Room 1,"[1557, 1926, 2350, 2690]",1780239232090
keyframe_1780239230067.jpg,Room 1,"[1553, 1926, 2349, 2689]",1780239232090
keyframe_1780237782824.jpg,Unlabeled,"[1947, 1351, 2446, 2899]",1780239222838
keyframe_1780239274157.jpg,Room 1,"[0, 2178, 1467, 3262]",1780239250705
keyframe_1780239254278.jpg,Room 1,"[2, 1044, 944, 2519]",1780239250705
keyframe_1780239254278.jpg,Room 1,"[0, 2454, 156, 2800]",1780239250705
keyframe_1780239254278.jpg,Room 1,"[147, 2058, 352, 2290]",1780239250705
keyframe_1780239254278.jpg,Room 1,"[1139, 2389, 1573, 3040]",1780239250705
keyframe_1780239254278.jpg,Room 1,"[1139, 2384, 1572, 3040]",1780239250705
keyframe_1780237799579.jpg,Unlabeled,"[1184, 963, 1625, 1538]",1780239222838
keyframe_1780237799579.jpg,Unlabeled,"[1384, 674, 1572, 856]",1780239222838
keyframe_1780237799579.jpg,Unlabeled,"[1991, 984, 2332, 1582]",1780239222838
keyframe_1780237799579.jpg,Unlabeled,"[1735, 848, 1991, 1248]",1780239222838
keyframe_1780237799579.jpg,Unlabeled,"[980, 1475, 1421, 2069]",1780239222838
keyframe_1780237799579.jpg,Unlabeled,"[2048, 955, 2446, 1577]",1780239222838
keyframe_1780237799579.jpg,Unlabeled,"[882, 1195, 1464, 2065]",1780239222838
keyframe_1780237799579.jpg,Unlabeled,"[2334, 1082, 2447, 1649]",1780239222838
keyframe_1780237799579.jpg,Unlabeled,"[2081, 963, 2447, 1095]",1780239222838
keyframe_1780239276218.jpg,Room 1,"[59, 4, 977, 2019]",1780239250705
keyframe_1780237784931.jpg,Unlabeled,"[683, 1879, 1746, 2127]",1780239222838
keyframe_1780237784931.jpg,Unlabeled,"[1864, 2059, 2028, 2252]",1780239222838
keyframe_1780237784931.jpg,Unlabeled,"[423, 955, 1591, 1685]",1780239222838
keyframe_1780237784931.jpg,Unlabeled,"[1635, 1006, 2445, 1833]",1780239222838
keyframe_1780237784931.jpg,Unlabeled,"[568, 2910, 1927, 3262]",1780239222838
keyframe_1780237784931.jpg,Unlabeled,"[0, 2198, 130, 2451]",1780239222838
keyframe_1780237810354.jpg,Unlabeled,"[1517, 1399, 2104, 2496]",1780239222838
keyframe_1780237810354.jpg,Unlabeled,"[1322, 1025, 1606, 1566]",1780239222838
keyframe_1780237810354.jpg,Unlabeled,"[0, 623, 346, 2322]",1780239222838
keyframe_1780237810354.jpg,Unlabeled,"[1958, 1512, 2369, 1741]",1780239222838
keyframe_1780237810354.jpg,Unlabeled,"[1195, 648, 1373, 850]",1780239222838
keyframe_1780237810354.jpg,Unlabeled,"[298, 890, 616, 1141]",1780239222838
keyframe_1780237810354.jpg,Unlabeled,"[272, 859, 488, 1131]",1780239222838
keyframe_1780237810354.jpg,Unlabeled,"[2155, 2309, 2447, 3261]",1780239222838
keyframe_1780237810354.jpg,Unlabeled,"[328, 1351, 607, 1814]",1780239222838
keyframe_1780239234188.jpg,Room 1,"[121, 1027, 1869, 3186]",1780239232090
keyframe_1780239234188.jpg,Room 1,"[2001, 1463, 2447, 2407]",1780239232090
keyframe_1780239234188.jpg,Room 1,"[2268, 1097, 2446, 1422]",1780239232090
keyframe_1780239293445.jpg,Room 1,"[1421, 668, 1490, 848]",1780239250705
keyframe_1780239293445.jpg,Room 1,"[514, 1726, 1134, 2092]",1780239250705
keyframe_1780239293445.jpg,Room 1,"[878, 2075, 1063, 2192]",1780239250705
keyframe_1780239264218.jpg,Room 1,"[770, 1467, 879, 1807]",1780239250705
keyframe_1780239264218.jpg,Room 1,"[571, 1597, 775, 1891]",1780239250705
keyframe_1780239264218.jpg,Room 1,"[1301, 1308, 1661, 1601]",1780239250705
keyframe_1780239264218.jpg,Room 1,"[1244, 1865, 1850, 3106]",1780239250705
keyframe_1780239264218.jpg,Room 1,"[1983, 1660, 2445, 2675]",1780239250705
keyframe_1780239264218.jpg,Room 1,"[1665, 1331, 1740, 1540]",1780239250705
keyframe_1780239264218.jpg,Room 1,"[1504, 1492, 2089, 1893]",1780239250705
keyframe_1780239264218.jpg,Room 1,"[1416, 2214, 1851, 3080]",1780239250705
keyframe_1780239264218.jpg,Room 1,"[1, 2276, 923, 3260]",1780239250705
keyframe_1780239264218.jpg,Room 1,"[1505, 1515, 2062, 1891]",1780239250705
keyframe_1780239264218.jpg,Room 1,"[1466, 1473, 1533, 1591]",1780239250705
keyframe_1780237826433.jpg,Unlabeled,"[1297, 1317, 1354, 1480]",1780239222838
keyframe_1780237826433.jpg,Unlabeled,"[999, 1467, 1383, 1568]",1780239222838
keyframe_1780237826433.jpg,Unlabeled,"[1024, 1371, 1068, 1479]",1780239222838
keyframe_1780239295544.jpg,Room 1,"[658, 1727, 1287, 2091]",1780239250705
keyframe_1780239295544.jpg,Room 1,"[48, 1241, 282, 1757]",1780239250705
keyframe_1780237801715.jpg,Unlabeled,"[1786, 1567, 2377, 2317]",1780239222838
keyframe_1780237801715.jpg,Unlabeled,"[0, 2203, 679, 3161]",1780239222838
keyframe_1780237801715.jpg,Unlabeled,"[2, 2676, 596, 3260]",1780239222838
keyframe_1780237801715.jpg,Unlabeled,"[1327, 1425, 1727, 2194]",1780239222838
keyframe_1780237801715.jpg,Unlabeled,"[916, 1245, 1236, 1698]",1780239222838
keyframe_1780237801715.jpg,Unlabeled,"[444, 1077, 692, 1310]",1780239222838
keyframe_1780237801715.jpg,Unlabeled,"[68, 1504, 840, 2644]",1780239222838
keyframe_1780237801715.jpg,Unlabeled,"[2304, 1232, 2446, 1378]",1780239222838
keyframe_1780237801715.jpg,Unlabeled,"[74, 1487, 846, 2168]",1780239222838
keyframe_1780237801715.jpg,Unlabeled,"[1366, 1347, 2438, 2193]",1780239222838
keyframe_1780237801715.jpg,Unlabeled,"[1391, 1353, 2448, 1600]",1780239222838
keyframe_1780237801715.jpg,Unlabeled,"[253, 1218, 391, 1380]",1780239222838
keyframe_1780237801715.jpg,Unlabeled,"[685, 1064, 739, 1202]",1780239222838
keyframe_1780237801715.jpg,Unlabeled,"[184, 1876, 832, 2650]",1780239222838
keyframe_1780237801715.jpg,Unlabeled,"[1805, 1116, 2064, 1380]",1780239222838
keyframe_1780237801715.jpg,Unlabeled,"[596, 1179, 905, 1387]",1780239222838
keyframe_1780237801715.jpg,Unlabeled,"[2077, 1273, 2166, 1367]",1780239222838
keyframe_1780239289839.jpg,Room 1,"[205, 929, 931, 2006]",1780239250705
keyframe_1780239289839.jpg,Room 1,"[1049, 932, 1431, 1598]",1780239250705
keyframe_1780239289839.jpg,Room 1,"[1970, 1238, 2446, 2563]",1780239250705
keyframe_1780237840947.jpg,Unlabeled,"[825, 1898, 1240, 2064]",1780239222838
keyframe_1780237840947.jpg,Unlabeled,"[236, 2050, 1551, 3261]",1780239222838
keyframe_1780237840947.jpg,Unlabeled,"[0, 1158, 432, 1752]",1780239222838
keyframe_1780237840947.jpg,Unlabeled,"[0, 1341, 2447, 2474]",1780239222838
keyframe_1780237840947.jpg,Unlabeled,"[2059, 1144, 2445, 1470]",1780239222838
keyframe_1780237816687.jpg,Unlabeled,"[545, 776, 1212, 1350]",1780239222838
keyframe_1780237816687.jpg,Unlabeled,"[769, 1447, 1889, 2358]",1780239222838
keyframe_1780237816687.jpg,Unlabeled,"[2, 1394, 796, 2132]",1780239222838
keyframe_1780237822085.jpg,Unlabeled,"[1300, 142, 1952, 874]",1780239222838
keyframe_1780237822085.jpg,Unlabeled,"[2319, 2657, 2447, 3264]",1780239222838
keyframe_1780237794925.jpg,Unlabeled,"[730, 695, 773, 731]",1780239222838
keyframe_1780237779305.jpg,Unlabeled,"[201, 1429, 1010, 2452]",1780239222838
keyframe_1780237779305.jpg,Unlabeled,"[506, 942, 1072, 1352]",1780239222838
keyframe_1780237779305.jpg,Unlabeled,"[1076, 1444, 1170, 1503]",1780239222838
keyframe_1780237779305.jpg,Unlabeled,"[108, 1314, 1002, 1494]",1780239222838
keyframe_1780237779305.jpg,Unlabeled,"[110, 1302, 751, 1445]",1780239222838
keyframe_1780237779305.jpg,Unlabeled,"[38, 607, 907, 1322]",1780239222838
keyframe_1780237779305.jpg,Unlabeled,"[0, 1209, 96, 1371]",1780239222838
keyframe_1780237779305.jpg,Unlabeled,"[663, 1354, 1001, 1488]",1780239222838
keyframe_1780237779305.jpg,Unlabeled,"[1063, 965, 1549, 1450]",1780239222838
keyframe_1780237831200.jpg,Unlabeled,"[0, 1462, 579, 2849]",1780239222838
keyframe_1780237831200.jpg,Unlabeled,"[1093, 1333, 1396, 1666]",1780239222838
keyframe_1780237831200.jpg,Unlabeled,"[1773, 1371, 2446, 2732]",1780239222838
keyframe_1780237831200.jpg,Unlabeled,"[1, 1094, 623, 1661]",1780239222838
keyframe_1780237831200.jpg,Unlabeled,"[615, 1391, 752, 1702]",1780239222838
keyframe_1780239249012.jpg,Room 1,"[604, 1625, 733, 1936]",1780239250705
keyframe_1780239249012.jpg,Room 1,"[367, 1691, 562, 1947]",1780239250705
keyframe_1780239294475.jpg,Room 1,"[1386, 710, 1458, 895]",1780239250705
keyframe_1780239294475.jpg,Room 1,"[4, 45, 1522, 1930]",1780239250705
keyframe_1780239294475.jpg,Room 1,"[1263, 34, 1360, 325]",1780239250705
keyframe_1780239294475.jpg,Room 1,"[465, 1762, 1094, 2116]",1780239250705
keyframe_1780239294475.jpg,Room 1,"[841, 2108, 1017, 2229]",1780239250705
keyframe_1780237780373.jpg,Unlabeled,"[0, 1927, 958, 3259]",1780239222838
keyframe_1780237780373.jpg,Unlabeled,"[1066, 1922, 1192, 2015]",1780239222838
keyframe_1780237780373.jpg,Unlabeled,"[444, 1798, 980, 1965]",1780239222838
keyframe_1780237780373.jpg,Unlabeled,"[437, 1256, 1101, 1791]",1780239222838
keyframe_1780239240618.jpg,Room 1,"[1436, 2012, 1650, 2200]",1780239241310
keyframe_1780239240618.jpg,Room 1,"[481, 1690, 1284, 2069]",1780239241310
keyframe_1780239240618.jpg,Room 1,"[464, 874, 1503, 1701]",1780239241310
keyframe_1780239240618.jpg,Room 1,"[1131, 13, 2448, 905]",1780239241310
keyframe_1780239240618.jpg,Room 1,"[1455, 983, 2446, 2177]",1780239241310
keyframe_1780239291900.jpg,Room 1,"[2088, 2316, 2446, 3262]",1780239250705
keyframe_1780239291900.jpg,Room 1,"[796, 1599, 1358, 1908]",1780239250705
keyframe_1780239291900.jpg,Room 1,"[430, 18, 1905, 1643]",1780239250705
keyframe_1780237808085.jpg,Unlabeled,"[2027, 1973, 2446, 3094]",1780239222838
keyframe_1780237808085.jpg,Unlabeled,"[0, 761, 301, 1573]",1780239222838
keyframe_1780237808085.jpg,Unlabeled,"[1621, 1516, 2010, 2366]",1780239222838
keyframe_1780237808085.jpg,Unlabeled,"[1428, 1237, 1678, 1705]",1780239222838
keyframe_1780237808085.jpg,Unlabeled,"[1970, 1603, 2226, 1740]",1780239222838
keyframe_1780237808085.jpg,Unlabeled,"[2217, 1294, 2447, 1875]",1780239222838
keyframe_1780237808085.jpg,Unlabeled,"[1325, 921, 1485, 1089]",1780239222838
keyframe_1780239268433.jpg,Room 1,"[1267, 1195, 1433, 1639]",1780239250705
keyframe_1780239268433.jpg,Room 1,"[994, 1485, 2067, 2339]",1780239250705
keyframe_1780239268433.jpg,Room 1,"[595, 1124, 1317, 1949]",1780239250705
keyframe_1780239268433.jpg,Room 1,"[1807, 1792, 2447, 3235]",1780239250705
keyframe_1780239268433.jpg,Room 1,"[589, 1124, 1312, 1672]",1780239250705
keyframe_1780239296060.jpg,Room 1,"[793, 1481, 1418, 1857]",1780239250705
keyframe_1780239296060.jpg,Room 1,"[1138, 1849, 1311, 1967]",1780239250705
keyframe_1780239296060.jpg,Room 1,"[0, 702, 177, 1215]",1780239250705
keyframe_1780237818269.jpg,Unlabeled,"[232, 2524, 1650, 3262]",1780239222838
keyframe_1780237818269.jpg,Unlabeled,"[0, 1381, 443, 1983]",1780239222838
keyframe_1780237818269.jpg,Unlabeled,"[28, 2248, 420, 2438]",1780239222838
keyframe_1780237818269.jpg,Unlabeled,"[862, 1505, 1913, 2274]",1780239222838
keyframe_1780237818269.jpg,Unlabeled,"[1188, 2732, 1354, 2920]",1780239222838
keyframe_1780237818269.jpg,Unlabeled,"[806, 2344, 1594, 2735]",1780239222838
keyframe_1780237818269.jpg,Unlabeled,"[978, 1091, 1132, 1280]",1780239222838
keyframe_1780237830686.jpg,Unlabeled,"[1151, 644, 2087, 2308]",1780239222838
keyframe_1780237830686.jpg,Unlabeled,"[1944, 2001, 2445, 3195]",1780239222838
keyframe_1780237830686.jpg,Unlabeled,"[236, 1218, 445, 1526]",1780239222838
keyframe_1780237830686.jpg,Unlabeled,"[632, 1163, 854, 1425]",1780239222838
keyframe_1780237830686.jpg,Unlabeled,"[637, 1167, 907, 1596]",1780239222838
keyframe_1780237817239.jpg,Unlabeled,"[770, 870, 1422, 1432]",1780239222838
keyframe_1780237790767.jpg,Unlabeled,"[317, 871, 974, 1994]",1780239222838
keyframe_1780237790767.jpg,Unlabeled,"[1898, 1022, 2447, 2233]",1780239222838
keyframe_1780237790767.jpg,Unlabeled,"[0, 1000, 181, 1174]",1780239222838
keyframe_1780237790767.jpg,Unlabeled,"[2106, 1115, 2446, 1730]",1780239222838
keyframe_1780237790767.jpg,Unlabeled,"[0, 557, 325, 975]",1780239222838
keyframe_1780237827463.jpg,Unlabeled,"[1087, 1433, 1512, 1566]",1780239222838
keyframe_1780237827463.jpg,Unlabeled,"[1410, 1267, 1461, 1441]",1780239222838
keyframe_1780237827463.jpg,Unlabeled,"[2, 552, 1011, 1453]",1780239222838
keyframe_1780237827463.jpg,Unlabeled,"[1181, 1304, 1227, 1448]",1780239222838
keyframe_1780239220700.jpg,Room 1,"[1, 501, 458, 685]",1780239222838
keyframe_1780239220700.jpg,Room 1,"[1, 494, 731, 1481]",1780239222838
keyframe_1780239220700.jpg,Room 1,"[515, 494, 907, 1016]",1780239222838
keyframe_1780239292415.jpg,Room 1,"[597, 1644, 1201, 1997]",1780239250705
keyframe_1780239292415.jpg,Room 1,"[0, 1198, 176, 1728]",1780239250705
keyframe_1780237815604.jpg,Unlabeled,"[0, 1164, 570, 1766]",1780239222838
keyframe_1780237815604.jpg,Unlabeled,"[1033, 1250, 2445, 2096]",1780239222838
keyframe_1780237815604.jpg,Unlabeled,"[1144, 839, 1300, 1038]",1780239222838
keyframe_1780237815604.jpg,Unlabeled,"[187, 2017, 593, 2201]",1780239222838
keyframe_1780237815604.jpg,Unlabeled,"[1418, 2478, 1586, 2648]",1780239222838
keyframe_1780237815604.jpg,Unlabeled,"[873, 2928, 1533, 3262]",1780239222838
keyframe_1780237771772.jpg,Unlabeled,"[1268, 2218, 2126, 3129]",1780239222838
keyframe_1780239223790.jpg,Room 1,"[1295, 1040, 2447, 2044]",1780239222838
keyframe_1780239223790.jpg,Room 1,"[1159, 2864, 2248, 3262]",1780239222838
keyframe_1780239223790.jpg,Room 1,"[1595, 1644, 2446, 2877]",1780239222838
keyframe_1780239223790.jpg,Room 1,"[1593, 1645, 2445, 2875]",1780239222838
keyframe_1780237828034.jpg,Unlabeled,"[3, 511, 1131, 1498]",1780239222838
keyframe_1780237828034.jpg,Unlabeled,"[1572, 1304, 1633, 1504]",1780239222838
keyframe_1780237828034.jpg,Unlabeled,"[1514, 1367, 1563, 1493]",1780239222838
keyframe_1780237828034.jpg,Unlabeled,"[1203, 1482, 1686, 1647]",1780239222838
keyframe_1780237828034.jpg,Unlabeled,"[1197, 1473, 1691, 1848]",1780239222838
keyframe_1780237828034.jpg,Unlabeled,"[1303, 1347, 1366, 1497]",1780239222838
keyframe_1780237828034.jpg,Unlabeled,"[1236, 1375, 1280, 1498]",1780239222838
keyframe_1780237837666.jpg,Unlabeled,"[1632, 1402, 2380, 2477]",1780239222838
keyframe_1780237837666.jpg,Unlabeled,"[969, 1429, 1336, 2005]",1780239222838
keyframe_1780237837666.jpg,Unlabeled,"[0, 1571, 719, 2376]",1780239222838
keyframe_1780237837666.jpg,Unlabeled,"[76, 1408, 379, 1601]",1780239222838
keyframe_1780237837666.jpg,Unlabeled,"[0, 1938, 91, 2664]",1780239222838
keyframe_1780237837666.jpg,Unlabeled,"[880, 1245, 960, 1356]",1780239222838
keyframe_1780239242144.jpg,Room 1,"[567, 1076, 1170, 1486]",1780239241310
keyframe_1780239242144.jpg,Room 1,"[708, 1439, 1503, 2633]",1780239241310
keyframe_1780239242144.jpg,Room 1,"[546, 1579, 983, 1841]",1780239241310
keyframe_1780239242144.jpg,Room 1,"[1574, 1123, 1986, 1699]",1780239241310
keyframe_1780239242144.jpg,Room 1,"[20, 1116, 621, 1672]",1780239241310
keyframe_1780239242144.jpg,Room 1,"[0, 2448, 418, 3262]",1780239241310
keyframe_1780239242144.jpg,Room 1,"[402, 1746, 615, 1885]",1780239241310
keyframe_1780239242144.jpg,Room 1,"[786, 790, 962, 990]",1780239241310
keyframe_1780239219154.jpg,Room 1,"[0, 1276, 709, 3261]",1780239222838
keyframe_1780239219154.jpg,Room 1,"[0, 440, 751, 1856]",1780239222838
keyframe_1780237809763.jpg,Unlabeled,"[2132, 2112, 2446, 3124]",1780239222838
keyframe_1780237809763.jpg,Unlabeled,"[1398, 1122, 1683, 1624]",1780239222838
keyframe_1780237809763.jpg,Unlabeled,"[1303, 773, 1475, 960]",1780239222838
keyframe_1780237809763.jpg,Unlabeled,"[2002, 1563, 2326, 1752]",1780239222838
keyframe_1780237809763.jpg,Unlabeled,"[1592, 1458, 2140, 2427]",1780239222838
keyframe_1780237809763.jpg,Unlabeled,"[1890, 1199, 2347, 1518]",1780239222838
keyframe_1780237809763.jpg,Unlabeled,"[515, 1012, 751, 1204]",1780239222838
keyframe_1780237764182.jpg,Unlabeled,"[1501, 1616, 2010, 1809]",1780239222838
keyframe_1780237764182.jpg,Unlabeled,"[1667, 1207, 2402, 1669]",1780239222838
keyframe_1780237764182.jpg,Unlabeled,"[2173, 1696, 2447, 3117]",1780239222838
keyframe_1780237764182.jpg,Unlabeled,"[1097, 1118, 1659, 1815]",1780239222838
keyframe_1780239268949.jpg,Room 1,"[1, 1625, 1063, 2874]",1780239250705
keyframe_1780239268949.jpg,Room 1,"[1012, 1953, 2382, 3261]",1780239250705
keyframe_1780237791282.jpg,Unlabeled,"[1, 989, 796, 2317]",1780239222838
keyframe_1780237791282.jpg,Unlabeled,"[1871, 1189, 2446, 2615]",1780239222838
keyframe_1780237791282.jpg,Unlabeled,"[2125, 1230, 2446, 2126]",1780239222838
keyframe_1780239245788.jpg,Room 1,"[729, 762, 1293, 1761]",1780239241310
keyframe_1780239245788.jpg,Room 1,"[1, 1073, 746, 2619]",1780239241310
keyframe_1780239245788.jpg,Room 1,"[343, 517, 655, 874]",1780239241310
keyframe_1780239245788.jpg,Room 1,"[2234, 854, 2447, 1804]",1780239241310
keyframe_1780239245788.jpg,Room 1,"[69, 1090, 249, 1159]",1780239241310
keyframe_1780239245788.jpg,Room 1,"[0, 541, 100, 1061]",1780239241310
keyframe_1780239245788.jpg,Room 1,"[2, 490, 381, 1048]",1780239241310
keyframe_1780239245788.jpg,Room 1,"[2294, 837, 2447, 1815]",1780239241310
keyframe_1780237781708.jpg,Unlabeled,"[11, 1942, 1148, 3260]",1780239222838
keyframe_1780237781708.jpg,Unlabeled,"[1310, 2000, 1451, 2104]",1780239222838
keyframe_1780237781708.jpg,Unlabeled,"[656, 1869, 1206, 2038]",1780239222838
keyframe_1780237781708.jpg,Unlabeled,"[633, 1250, 1401, 1874]",1780239222838
keyframe_1780237781708.jpg,Unlabeled,"[1325, 1334, 2173, 2138]",1780239222838
keyframe_1780237781708.jpg,Unlabeled,"[0, 1535, 111, 1722]",1780239222838
keyframe_1780239224820.jpg,Room 1,"[1544, 1775, 2447, 2914]",1780239222838
keyframe_1780239224820.jpg,Room 1,"[853, 1149, 2246, 2240]",1780239222838
keyframe_1780239224820.jpg,Room 1,"[947, 2369, 1422, 2913]",1780239222838
keyframe_1780239224820.jpg,Room 1,"[23, 1970, 1033, 2615]",1780239222838
keyframe_1780239267919.jpg,Room 1,"[239, 1359, 511, 2006]",1780239250705
keyframe_1780239267919.jpg,Room 1,"[1495, 905, 2145, 1411]",1780239250705
keyframe_1780239267919.jpg,Room 1,"[2116, 967, 2288, 1373]",1780239250705
keyframe_1780239267919.jpg,Room 1,"[0, 1708, 270, 2204]",1780239250705
keyframe_1780239267919.jpg,Room 1,"[1039, 1968, 2364, 3261]",1780239250705
keyframe_1780239267919.jpg,Room 1,"[0, 1697, 175, 2201]",1780239250705
keyframe_1780237769712.jpg,Unlabeled,"[2122, 800, 2297, 984]",1780239222838
keyframe_1780237769712.jpg,Unlabeled,"[1465, 1952, 2100, 2504]",1780239222838
keyframe_1780237843045.jpg,Unlabeled,"[521, 1264, 973, 1900]",1780239222838
keyframe_1780237843045.jpg,Unlabeled,"[1167, 1192, 1987, 1981]",1780239222838
keyframe_1780237843045.jpg,Unlabeled,"[1366, 1491, 2323, 2589]",1780239222838
keyframe_1780237843045.jpg,Unlabeled,"[1362, 1809, 2281, 2585]",1780239222838
keyframe_1780237843045.jpg,Unlabeled,"[1338, 808, 1485, 1024]",1780239222838
keyframe_1780237843045.jpg,Unlabeled,"[1276, 812, 1353, 1038]",1780239222838
keyframe_1780237843045.jpg,Unlabeled,"[1993, 1399, 2270, 1657]",1780239222838
keyframe_1780237843045.jpg,Unlabeled,"[915, 924, 973, 1061]",1780239222838
keyframe_1780239261603.jpg,Room 1,"[1023, 1107, 1355, 1609]",1780239250705
keyframe_1780239261603.jpg,Room 1,"[72, 1370, 906, 2584]",1780239250705
keyframe_1780239261603.jpg,Room 1,"[1894, 1584, 2445, 2358]",1780239250705
keyframe_1780239261603.jpg,Room 1,"[539, 922, 796, 1181]",1780239250705
keyframe_1780239261603.jpg,Room 1,"[537, 924, 788, 1093]",1780239250705
keyframe_1780239261603.jpg,Room 1,"[0, 2156, 673, 3197]",1780239250705
keyframe_1780239261603.jpg,Room 1,"[1439, 1314, 2447, 2184]",1780239250705
keyframe_1780239261603.jpg,Room 1,"[2, 2709, 520, 3262]",1780239250705
keyframe_1780239261603.jpg,Room 1,"[1436, 1324, 1862, 2195]",1780239250705
keyframe_1780239261603.jpg,Room 1,"[793, 898, 847, 1039]",1780239250705
keyframe_1780239261603.jpg,Room 1,"[1971, 1033, 2351, 1332]",1780239250705
keyframe_1780239261603.jpg,Room 1,"[1367, 1033, 1593, 1584]",1780239250705
keyframe_1780239261603.jpg,Room 1,"[0, 590, 455, 1265]",1780239250705
keyframe_1780239261603.jpg,Room 1,"[711, 1024, 1022, 1246]",1780239250705
keyframe_1780239261603.jpg,Room 1,"[1488, 1317, 2447, 1567]",1780239250705
keyframe_1780237820482.jpg,Unlabeled,"[1257, 1464, 2119, 3110]",1780239222838
keyframe_1780237820482.jpg,Unlabeled,"[906, 530, 1302, 965]",1780239222838
keyframe_1780237820482.jpg,Unlabeled,"[2177, 1606, 2446, 1791]",1780239222838
keyframe_1780237820482.jpg,Unlabeled,"[2173, 1139, 2446, 1790]",1780239222838
keyframe_1780237820482.jpg,Unlabeled,"[2308, 1114, 2447, 1648]",1780239222838
keyframe_1780237790214.jpg,Unlabeled,"[488, 648, 1083, 1684]",1780239222838
keyframe_1780237790214.jpg,Unlabeled,"[1917, 713, 2446, 1776]",1780239222838
keyframe_1780237790214.jpg,Unlabeled,"[1, 938, 458, 2597]",1780239222838
keyframe_1780237790214.jpg,Unlabeled,"[48, 397, 411, 800]",1780239222838
keyframe_1780237790214.jpg,Unlabeled,"[2085, 778, 2445, 1335]",1780239222838
keyframe_1780237790214.jpg,Unlabeled,"[3, 813, 333, 980]",1780239222838
keyframe_1780237790214.jpg,Unlabeled,"[0, 370, 137, 831]",1780239222838
manual_1780239255635.jpg,Room 1,"[47, 1053, 983, 2509]",1780239250705
manual_1780239255635.jpg,Room 1,"[1182, 2391, 1627, 3045]",1780239250705
manual_1780239255635.jpg,Room 1,"[1181, 2394, 1626, 3046]",1780239250705
keyframe_1780239271028.jpg,Room 1,"[231, 1632, 476, 2201]",1780239250705
keyframe_1780239271028.jpg,Room 1,"[1247, 2261, 2448, 3263]",1780239250705
keyframe_1780239271028.jpg,Room 1,"[0, 1540, 257, 2159]",1780239250705
keyframe_1780237762064.jpg,Unlabeled,"[1785, 1075, 2317, 1423]",1780239222838
keyframe_1780237762064.jpg,Unlabeled,"[2077, 1378, 2445, 2378]",1780239222838
keyframe_1780237762064.jpg,Unlabeled,"[1346, 1041, 1813, 1585]",1780239222838
keyframe_1780239272060.jpg,Room 1,"[454, 1528, 679, 2132]",1780239250705
keyframe_1780239272060.jpg,Room 1,"[1443, 1800, 2447, 3262]",1780239250705
keyframe_1780239272060.jpg,Room 1,"[1629, 3095, 2444, 3262]",1780239250705
keyframe_1780239272060.jpg,Room 1,"[127, 1726, 1641, 3196]",1780239250705
keyframe_1780239272060.jpg,Room 1,"[0, 1389, 522, 2079]",1780239250705
keyframe_1780239269483.jpg,Room 1,"[1762, 1427, 2041, 2089]",1780239250705
keyframe_1780239269483.jpg,Room 1,"[1004, 1881, 1423, 2300]",1780239250705
keyframe_1780239247409.jpg,Room 1,"[1916, 1267, 2446, 2527]",1780239250705
keyframe_1780239247409.jpg,Room 1,"[0, 1159, 757, 2653]",1780239250705
keyframe_1780237776158.jpg,Unlabeled,"[836, 939, 1302, 1230]",1780239222838
keyframe_1780237777722.jpg,Unlabeled,"[578, 1315, 1011, 2040]",1780239222838
keyframe_1780237777722.jpg,Unlabeled,"[606, 970, 1039, 1270]",1780239222838
keyframe_1780239235276.jpg,Room 1,"[1, 921, 1354, 3182]",1780239232090
keyframe_1780239235276.jpg,Room 1,"[2100, 1350, 2447, 2361]",1780239232090
keyframe_1780239263187.jpg,Room 1,"[0, 1813, 969, 3242]",1780239250705
keyframe_1780239263187.jpg,Room 1,"[1788, 1904, 2445, 3238]",1780239250705
keyframe_1780239263187.jpg,Room 1,"[1334, 1390, 1763, 2086]",1780239250705
keyframe_1780239263187.jpg,Room 1,"[776, 1133, 1065, 1362]",1780239250705
keyframe_1780239263187.jpg,Room 1,"[1809, 1305, 2235, 1855]",1780239250705
keyframe_1780239263187.jpg,Room 1,"[326, 1251, 545, 1581]",1780239250705
keyframe_1780239263187.jpg,Room 1,"[962, 1280, 1366, 1577]",1780239250705
keyframe_1780239263187.jpg,Room 1,"[1979, 1749, 2446, 2426]",1780239250705
keyframe_1780239263187.jpg,Room 1,"[323, 1355, 492, 1578]",1780239250705
keyframe_1780239263187.jpg,Room 1,"[962, 1281, 1367, 1581]",1780239250705
keyframe_1780239263187.jpg,Room 1,"[1068, 1141, 1129, 1315]",1780239250705
keyframe_1780239263187.jpg,Room 1,"[451, 1256, 552, 1533]",1780239250705
keyframe_1780237760882.jpg,Unlabeled,"[2141, 1543, 2446, 2977]",1780239222838
keyframe_1780237760882.jpg,Unlabeled,"[1, 2694, 386, 3263]",1780239222838
keyframe_1780237760882.jpg,Unlabeled,"[1871, 1376, 2237, 2008]",1780239222838
keyframe_1780237761550.jpg,Unlabeled,"[2060, 1401, 2446, 2478]",1780239222838
keyframe_1780237761550.jpg,Unlabeled,"[214, 1167, 561, 1529]",1780239222838
keyframe_1780237761550.jpg,Unlabeled,"[1383, 1090, 1696, 1615]",1780239222838
manual_1780239266595.jpg,Room 1,"[632, 1694, 1063, 2140]",1780239250705
manual_1780239266595.jpg,Room 1,"[1042, 1486, 1221, 2010]",1780239250705
manual_1780239266595.jpg,Room 1,"[2043, 1119, 2446, 1589]",1780239250705
manual_1780239266595.jpg,Room 1,"[1670, 2085, 2446, 2794]",1780239250705
manual_1780239266595.jpg,Room 1,"[559, 0, 1354, 632]",1780239250705
manual_1780239266595.jpg,Room 1,"[394, 2391, 1256, 3262]",1780239250705
manual_1780239266595.jpg,Room 1,"[1863, 2356, 2447, 3262]",1780239250705
keyframe_1780237759795.jpg,Unlabeled,"[0, 1259, 484, 1789]",1780239222838
keyframe_1780237759795.jpg,Unlabeled,"[1320, 1174, 1451, 1654]",1780239222838
keyframe_1780237759795.jpg,Unlabeled,"[1, 2735, 362, 3261]",1780239222838
keyframe_1780237759795.jpg,Unlabeled,"[1704, 1432, 2055, 2200]",1780239222838
keyframe_1780237759795.jpg,Unlabeled,"[2259, 1474, 2446, 1606]",1780239222838
keyframe_1780239252199.jpg,Room 1,"[467, 1120, 1154, 2253]",1780239250705
keyframe_1780239252199.jpg,Room 1,"[1303, 2104, 1619, 2595]",1780239250705
keyframe_1780239252199.jpg,Room 1,"[1616, 2168, 1938, 2816]",1780239250705
keyframe_1780239252199.jpg,Room 1,"[297, 2188, 527, 2410]",1780239250705
keyframe_1780239241132.jpg,Room 1,"[2100, 936, 2445, 1753]",1780239241310
keyframe_1780239241132.jpg,Room 1,"[449, 1070, 953, 2321]",1780239241310
keyframe_1780237838200.jpg,Unlabeled,"[1899, 2031, 2445, 2801]",1780239222838
keyframe_1780237838200.jpg,Unlabeled,"[1197, 1512, 1583, 2114]",1780239222838
keyframe_1780237838200.jpg,Unlabeled,"[0, 1618, 933, 2481]",1780239222838
keyframe_1780237838200.jpg,Unlabeled,"[0, 2112, 124, 2917]",1780239222838
keyframe_1780237838200.jpg,Unlabeled,"[301, 1627, 932, 2485]",1780239222838
keyframe_1780237838200.jpg,Unlabeled,"[1951, 1490, 2446, 1654]",1780239222838
keyframe_1780237783845.jpg,Unlabeled,"[146, 1825, 1215, 2128]",1780239222838
keyframe_1780237783845.jpg,Unlabeled,"[1313, 1969, 1462, 2125]",1780239222838
keyframe_1780237783845.jpg,Unlabeled,"[1042, 1039, 1807, 1750]",1780239222838
keyframe_1780237783845.jpg,Unlabeled,"[1, 980, 1017, 1733]",1780239222838
keyframe_1780237783845.jpg,Unlabeled,"[55, 2758, 2157, 3262]",1780239222838
keyframe_1780237783845.jpg,Unlabeled,"[2203, 1563, 2446, 1769]",1780239222838
keyframe_1780237783845.jpg,Unlabeled,"[2092, 922, 2446, 1541]",1780239222838
keyframe_1780237783845.jpg,Unlabeled,"[1773, 406, 1929, 761]",1780239222838
keyframe_1780237783845.jpg,Unlabeled,"[119, 2758, 1523, 3263]",1780239222838
keyframe_1780237783845.jpg,Unlabeled,"[1818, 945, 2400, 1458]",1780239222838
keyframe_1780237798530.jpg,Unlabeled,"[1914, 1225, 2445, 2109]",1780239222838
keyframe_1780237800628.jpg,Unlabeled,"[1810, 1271, 2337, 1894]",1780239222838
keyframe_1780237800628.jpg,Unlabeled,"[4, 1558, 866, 2724]",1780239222838
keyframe_1780237800628.jpg,Unlabeled,"[1466, 1127, 1800, 1787]",1780239222838
keyframe_1780237800628.jpg,Unlabeled,"[707, 827, 917, 1047]",1780239222838
keyframe_1780237800628.jpg,Unlabeled,"[557, 1171, 1052, 1859]",1780239222838
keyframe_1780237800628.jpg,Unlabeled,"[1469, 1113, 2448, 1823]",1780239222838
keyframe_1780237800628.jpg,Unlabeled,"[476, 1657, 914, 2357]",1780239222838
keyframe_1780237800628.jpg,Unlabeled,"[2327, 1370, 2447, 1848]",1780239222838
keyframe_1780237800628.jpg,Unlabeled,"[1118, 986, 1401, 1413]",1780239222838
keyframe_1780237800628.jpg,Unlabeled,"[444, 1301, 1044, 1876]",1780239222838
keyframe_1780237800628.jpg,Unlabeled,"[744, 1028, 1011, 1241]",1780239222838
keyframe_1780237800628.jpg,Unlabeled,"[916, 807, 967, 939]",1780239222838
keyframe_1780237800628.jpg,Unlabeled,"[853, 916, 1103, 1103]",1780239222838
keyframe_1780239295029.jpg,Room 1,"[590, 1719, 1218, 2104]",1780239250705
keyframe_1780239295029.jpg,Room 1,"[955, 2074, 1128, 2211]",1780239250705
keyframe_1780239295029.jpg,Room 1,"[1545, 637, 1615, 836]",1780239250705
keyframe_1780239295029.jpg,Room 1,"[0, 1238, 218, 1778]",1780239250705
keyframe_1780239295029.jpg,Room 1,"[1974, 2691, 2441, 3142]",1780239250705
keyframe_1780239227472.jpg,Room 1,"[1857, 2125, 2446, 3262]",1780239232090
keyframe_1780239227472.jpg,Room 1,"[2073, 866, 2446, 2459]",1780239232090
keyframe_1780239277286.jpg,Room 1,"[1, 10, 839, 2670]",1780239250705
keyframe_1780239277286.jpg,Room 1,"[819, 929, 1126, 1092]",1780239250705
keyframe_1780239277286.jpg,Room 1,"[866, 807, 929, 991]",1780239250705
keyframe_1780239277286.jpg,Room 1,"[2206, 1153, 2445, 1713]",1780239250705
keyframe_1780237829084.jpg,Unlabeled,"[1331, 1552, 1964, 1760]",1780239222838
keyframe_1780237829084.jpg,Unlabeled,"[821, 1602, 923, 1769]",1780239222838
keyframe_1780237829084.jpg,Unlabeled,"[1406, 1412, 1464, 1568]",1780239222838
keyframe_1780237829084.jpg,Unlabeled,"[1821, 1339, 1922, 1590]",1780239222838
keyframe_1780237829084.jpg,Unlabeled,"[1503, 1386, 1574, 1577]",1780239222838
keyframe_1780237829084.jpg,Unlabeled,"[1743, 1425, 1822, 1578]",1780239222838
keyframe_1780237847775.jpg,Unlabeled,"[1344, 1174, 1500, 1631]",1780239222838
keyframe_1780237847775.jpg,Unlabeled,"[1011, 1284, 1296, 1612]",1780239222838
keyframe_1780237847775.jpg,Unlabeled,"[2331, 1391, 2446, 1738]",1780239222838
keyframe_1780237847775.jpg,Unlabeled,"[1199, 1999, 2448, 3258]",1780239222838
keyframe_1780237847775.jpg,Unlabeled,"[2337, 1391, 2447, 1760]",1780239222838
keyframe_1780237847775.jpg,Unlabeled,"[1834, 1602, 1961, 1710]",1780239222838
keyframe_1780237841462.jpg,Unlabeled,"[1727, 1204, 2334, 1977]",1780239222838
keyframe_1780237841462.jpg,Unlabeled,"[0, 2115, 263, 3174]",1780239222838
keyframe_1780237841462.jpg,Unlabeled,"[0, 1272, 1434, 2301]",1780239222838
keyframe_1780237841462.jpg,Unlabeled,"[1434, 1040, 1766, 1279]",1780239222838
keyframe_1780239222245.jpg,Room 1,"[154, 1227, 720, 1414]",1780239222838
keyframe_1780239258933.jpg,Room 1,"[1788, 693, 2162, 1214]",1780239250705
keyframe_1780239258933.jpg,Room 1,"[1931, 403, 2101, 602]",1780239250705
keyframe_1780239258933.jpg,Room 1,"[1544, 871, 2031, 1647]",1780239250705
keyframe_1780239258933.jpg,Room 1,"[1559, 1130, 2024, 1648]",1780239250705
keyframe_1780239221214.jpg,Room 1,"[518, 983, 939, 1511]",1780239222838
keyframe_1780239221214.jpg,Room 1,"[0, 983, 696, 2172]",1780239222838
keyframe_1780239221214.jpg,Room 1,"[0, 1008, 401, 1237]",1780239222838
keyframe_1780237844094.jpg,Unlabeled,"[1123, 1035, 1644, 1828]",1780239222838
keyframe_1780237844094.jpg,Unlabeled,"[1053, 585, 1190, 770]",1780239222838
keyframe_1780237844094.jpg,Unlabeled,"[1795, 1136, 2445, 2037]",1780239222838
keyframe_1780237844094.jpg,Unlabeled,"[2107, 1992, 2447, 2952]",1780239222838
keyframe_1780237844094.jpg,Unlabeled,"[1, 1103, 650, 2388]",1780239222838
keyframe_1780237844094.jpg,Unlabeled,"[2152, 504, 2325, 808]",1780239222838
keyframe_1780237844094.jpg,Unlabeled,"[1555, 634, 1645, 815]",1780239222838
keyframe_1780237844094.jpg,Unlabeled,"[0, 755, 418, 1164]",1780239222838
keyframe_1780237844094.jpg,Unlabeled,"[1215, 513, 1305, 777]",1780239222838
keyframe_1780237844094.jpg,Unlabeled,"[0, 755, 680, 1818]",1780239222838
keyframe_1780239279862.jpg,Room 1,"[0, 1235, 439, 1525]",1780239250705
keyframe_1780239279862.jpg,Room 1,"[2020, 2113, 2446, 2588]",1780239250705
keyframe_1780239271543.jpg,Room 1,"[528, 1661, 742, 2171]",1780239250705
keyframe_1780239271543.jpg,Room 1,"[1517, 1824, 2447, 3262]",1780239250705
keyframe_1780239271543.jpg,Room 1,"[193, 1777, 1696, 3244]",1780239250705
keyframe_1780239271543.jpg,Room 1,"[0, 1426, 585, 2130]",1780239250705
keyframe_1780239271543.jpg,Room 1,"[169, 1649, 1697, 3236]",1780239250705
keyframe_1780237806884.jpg,Unlabeled,"[1, 2193, 346, 3264]",1780239222838
keyframe_1780237806884.jpg,Unlabeled,"[127, 1863, 783, 3047]",1780239222838
keyframe_1780237806884.jpg,Unlabeled,"[250, 850, 1348, 1581]",1780239222838
keyframe_1780237806884.jpg,Unlabeled,"[0, 1569, 971, 2213]",1780239222838
keyframe_1780237806884.jpg,Unlabeled,"[0, 1550, 972, 3086]",1780239222838
keyframe_1780239236344.jpg,Room 1,"[959, 1420, 1630, 2440]",1780239232090
keyframe_1780239236344.jpg,Room 1,"[0, 1190, 588, 1978]",1780239232090
keyframe_1780239236344.jpg,Room 1,"[1800, 1569, 2245, 1728]",1780239232090
keyframe_1780239236344.jpg,Room 1,"[1747, 997, 2353, 1561]",1780239232090
keyframe_1780239236344.jpg,Room 1,"[1246, 982, 1769, 1389]",1780239232090
keyframe_1780239236344.jpg,Room 1,"[1269, 1383, 1670, 1531]",1780239232090
keyframe_1780239236344.jpg,Room 1,"[1599, 463, 2402, 987]",1780239232090
keyframe_1780239236344.jpg,Room 1,"[788, 1203, 855, 1331]",1780239232090
keyframe_1780237819967.jpg,Unlabeled,"[995, 1510, 1805, 2930]",1780239222838
keyframe_1780237819967.jpg,Unlabeled,"[1755, 1613, 2248, 1791]",1780239222838
keyframe_1780237819967.jpg,Unlabeled,"[606, 678, 970, 1067]",1780239222838
keyframe_1780237819967.jpg,Unlabeled,"[2215, 697, 2404, 824]",1780239222838
keyframe_1780237819967.jpg,Unlabeled,"[2102, 697, 2406, 827]",1780239222838
keyframe_1780237817755.jpg,Unlabeled,"[883, 901, 1528, 1446]",1780239222838
keyframe_1780237817755.jpg,Unlabeled,"[0, 1412, 1091, 2171]",1780239222838
keyframe_1780237817755.jpg,Unlabeled,"[369, 2694, 580, 2853]",1780239222838
keyframe_1780237817755.jpg,Unlabeled,"[2, 2828, 911, 3262]",1780239222838
keyframe_1780239246894.jpg,Room 1,"[1879, 1250, 2446, 2381]",1780239250705
keyframe_1780239246894.jpg,Room 1,"[13, 1142, 832, 2528]",1780239250705
keyframe_1780239246894.jpg,Room 1,"[2151, 542, 2446, 1220]",1780239250705
keyframe_1780237835053.jpg,Unlabeled,"[1047, 1287, 1280, 1654]",1780239222838
keyframe_1780237835053.jpg,Unlabeled,"[1711, 1356, 2336, 2198]",1780239222838
keyframe_1780237835053.jpg,Unlabeled,"[1459, 1103, 1515, 1215]",1780239222838
keyframe_1780237835053.jpg,Unlabeled,"[1432, 1271, 1853, 1859]",1780239222838
keyframe_1780237835053.jpg,Unlabeled,"[465, 3067, 657, 3217]",1780239222838
keyframe_1780237835053.jpg,Unlabeled,"[285, 733, 590, 1649]",1780239222838
keyframe_1780237835053.jpg,Unlabeled,"[464, 3068, 654, 3217]",1780239222838
keyframe_1780237835053.jpg,Unlabeled,"[622, 1380, 819, 2151]",1780239222838
keyframe_1780239251683.jpg,Room 1,"[1511, 2012, 1767, 2555]",1780239250705
keyframe_1780239251683.jpg,Room 1,"[448, 1130, 1082, 2128]",1780239250705
keyframe_1780239251683.jpg,Room 1,"[237, 1902, 365, 2042]",1780239250705
keyframe_1780239251683.jpg,Room 1,"[1223, 1979, 1499, 2392]",1780239250705
keyframe_1780239251683.jpg,Room 1,"[924, 1940, 1238, 2358]",1780239250705
keyframe_1780239251683.jpg,Room 1,"[0, 1998, 141, 2173]",1780239250705
keyframe_1780239251683.jpg,Room 1,"[164, 2103, 381, 2296]",1780239250705
keyframe_1780239256891.jpg,Room 1,"[864, 2320, 1285, 2952]",1780239250705
keyframe_1780239262671.jpg,Room 1,"[1687, 1160, 1946, 1623]",1780239250705
keyframe_1780239262671.jpg,Room 1,"[1279, 1275, 1647, 1875]",1780239250705
keyframe_1780239262671.jpg,Room 1,"[738, 1047, 991, 1231]",1780239250705
keyframe_1780239262671.jpg,Room 1,"[0, 1637, 890, 3251]",1780239250705
keyframe_1780239262671.jpg,Room 1,"[133, 1610, 1007, 2602]",1780239250705
keyframe_1780239262671.jpg,Room 1,"[416, 1227, 537, 1411]",1780239250705
keyframe_1780239262671.jpg,Room 1,"[1688, 1597, 2271, 2809]",1780239250705
keyframe_1780239262671.jpg,Room 1,"[1716, 1549, 2446, 2803]",1780239250705
keyframe_1780239262671.jpg,Room 1,"[916, 1160, 1275, 1416]",1780239250705
keyframe_1780239262671.jpg,Room 1,"[1841, 1544, 2446, 2002]",1780239250705
keyframe_1780239262671.jpg,Room 1,"[1, 2965, 315, 3262]",1780239250705
keyframe_1780239262671.jpg,Room 1,"[56, 1608, 1003, 2967]",1780239250705
keyframe_1780239270513.jpg,Room 1,"[1905, 1603, 2209, 2378]",1780239250705
keyframe_1780239270513.jpg,Room 1,"[256, 2182, 1511, 3264]",1780239250705
keyframe_1780239270513.jpg,Room 1,"[0, 1858, 394, 2925]",1780239250705
keyframe_1780239250614.jpg,Room 1,"[50, 1264, 679, 2088]",1780239250705
keyframe_1780239250614.jpg,Room 1,"[1108, 1838, 1286, 2245]",1780239250705
keyframe_1780239250614.jpg,Room 1,"[855, 1863, 1075, 2190]",1780239250705
keyframe_1780237833966.jpg,Unlabeled,"[934, 1162, 1146, 1485]",1780239222838
keyframe_1780237833966.jpg,Unlabeled,"[0, 1332, 402, 2982]",1780239222838
keyframe_1780237833966.jpg,Unlabeled,"[629, 832, 1122, 1151]",1780239222838
keyframe_1780237833966.jpg,Unlabeled,"[0, 95, 575, 2555]",1780239222838
keyframe_1780237833966.jpg,Unlabeled,"[634, 1192, 825, 1597]",1780239222838
keyframe_1780237833966.jpg,Unlabeled,"[1345, 1103, 1601, 1493]",1780239222838
keyframe_1780237833966.jpg,Unlabeled,"[1341, 1102, 1627, 1614]",1780239222838
keyframe_1780237833966.jpg,Unlabeled,"[1992, 309, 2447, 3026]",1780239222838
keyframe_1780239288256.jpg,Room 1,"[1569, 1003, 2328, 2034]",1780239250705
keyframe_1780239288256.jpg,Room 1,"[1348, 610, 1853, 951]",1780239250705
keyframe_1780239288256.jpg,Room 1,"[1833, 596, 2361, 941]",1780239250705
keyframe_1780239288256.jpg,Room 1,"[1355, 964, 1761, 1043]",1780239250705
keyframe_1780239275683.jpg,Room 1,"[301, 111, 1030, 1848]",1780239250705
keyframe_1780239275683.jpg,Room 1,"[0, 1815, 440, 3259]",1780239250705
keyframe_1780237826947.jpg,Unlabeled,"[1004, 1397, 1398, 1530]",1780239222838
keyframe_1780237826947.jpg,Unlabeled,"[1301, 1242, 1360, 1401]",1780239222838
keyframe_1780237826947.jpg,Unlabeled,"[427, 2658, 695, 3198]",1780239222838
keyframe_1780237811899.jpg,Unlabeled,"[1528, 1119, 1908, 1809]",1780239222838
keyframe_1780237811899.jpg,Unlabeled,"[116, 946, 535, 1304]",1780239222838
keyframe_1780237811899.jpg,Unlabeled,"[1386, 663, 1597, 900]",1780239222838
keyframe_1780237811899.jpg,Unlabeled,"[531, 1045, 881, 1890]",1780239222838
keyframe_1780237811899.jpg,Unlabeled,"[1889, 1270, 2444, 2399]",1780239222838
keyframe_1780237811899.jpg,Unlabeled,"[1894, 1267, 2445, 3180]",1780239222838
keyframe_1780239243709.jpg,Room 1,"[439, 1507, 1429, 3131]",1780239241310
keyframe_1780239243709.jpg,Room 1,"[1778, 1020, 2307, 1737]",1780239241310
keyframe_1780239243709.jpg,Room 1,"[185, 1003, 1099, 1585]",1780239241310
keyframe_1780239243709.jpg,Room 1,"[0, 1718, 811, 2201]",1780239241310
keyframe_1780239243709.jpg,Room 1,"[0, 1080, 291, 1706]",1780239241310
keyframe_1780239243709.jpg,Room 1,"[1405, 1180, 1811, 2086]",1780239241310
keyframe_1780239243709.jpg,Room 1,"[767, 597, 895, 870]",1780239241310
keyframe_1780239276771.jpg,Room 1,"[1, 0, 758, 2284]",1780239250705
keyframe_1780239276771.jpg,Room 1,"[2062, 851, 2445, 1972]",1780239250705
keyframe_1780239276771.jpg,Room 1,"[738, 721, 806, 898]",1780239250705
keyframe_1780239276771.jpg,Room 1,"[743, 854, 985, 993]",1780239250705
keyframe_1780239232643.jpg,Room 1,"[415, 1384, 749, 2057]",1780239232090
keyframe_1780237765726.jpg,Unlabeled,"[1718, 1835, 2446, 2318]",1780239222838
keyframe_1780237765726.jpg,Unlabeled,"[2018, 924, 2446, 1876]",1780239222838
keyframe_1780237765726.jpg,Unlabeled,"[1176, 1021, 2024, 1864]",1780239222838
keyframe_1780239273623.jpg,Room 1,"[99, 1520, 367, 2150]",1780239250705
keyframe_1780239273623.jpg,Room 1,"[1143, 1808, 2446, 3263]",1780239250705
keyframe_1780237821569.jpg,Unlabeled,"[1464, 153, 2017, 783]",1780239222838
keyframe_1780237821569.jpg,Unlabeled,"[2050, 1613, 2447, 3256]",1780239222838
keyframe_1780237807551.jpg,Unlabeled,"[0, 745, 450, 1550]",1780239222838
keyframe_1780237807551.jpg,Unlabeled,"[1533, 1230, 1800, 1695]",1780239222838
keyframe_1780237807551.jpg,Unlabeled,"[1755, 1513, 2139, 2369]",1780239222838
keyframe_1780237807551.jpg,Unlabeled,"[1439, 910, 1597, 1081]",1780239222838
keyframe_1780237807551.jpg,Unlabeled,"[814, 1131, 936, 1298]",1780239222838
keyframe_1780237807551.jpg,Unlabeled,"[2263, 1977, 2447, 2687]",1780239222838
keyframe_1780237807551.jpg,Unlabeled,"[2023, 1304, 2430, 1566]",1780239222838
keyframe_1780237807551.jpg,Unlabeled,"[1957, 1141, 2083, 1309]",1780239222838
keyframe_1780237805187.jpg,Unlabeled,"[1246, 1355, 1663, 1817]",1780239222838
keyframe_1780237805187.jpg,Unlabeled,"[530, 1993, 1314, 3260]",1780239222838
keyframe_1780237805187.jpg,Unlabeled,"[1446, 2334, 2446, 3262]",1780239222838
keyframe_1780237805187.jpg,Unlabeled,"[686, 1715, 2447, 3255]",1780239222838
keyframe_1780237805187.jpg,Unlabeled,"[449, 1398, 951, 1999]",1780239222838
keyframe_1780237805187.jpg,Unlabeled,"[4, 1569, 495, 2338]",1780239222838
keyframe_1780237805187.jpg,Unlabeled,"[1993, 1560, 2372, 1764]",1780239222838
keyframe_1780237805187.jpg,Unlabeled,"[1981, 921, 2447, 1738]",1780239222838
keyframe_1780237805187.jpg,Unlabeled,"[1708, 1647, 2004, 1784]",1780239222838
keyframe_1780237805187.jpg,Unlabeled,"[697, 1718, 2446, 2741]",1780239222838
keyframe_1780237805187.jpg,Unlabeled,"[2001, 1953, 2445, 2182]",1780239222838
keyframe_1780239231612.jpg,Room 1,"[0, 685, 310, 954]",1780239232090
keyframe_1780239225908.jpg,Room 1,"[1530, 1787, 2447, 2958]",1780239222838
keyframe_1780239225908.jpg,Room 1,"[849, 1181, 2221, 2235]",1780239222838
keyframe_1780239225908.jpg,Room 1,"[0, 2564, 523, 3262]",1780239222838
keyframe_1780239225908.jpg,Room 1,"[20, 1999, 1036, 2655]",1780239222838
keyframe_1780237803469.jpg,Unlabeled,"[1851, 1888, 2446, 2901]",1780239222838
keyframe_1780237803469.jpg,Unlabeled,"[1267, 1532, 1772, 2617]",1780239222838
keyframe_1780237803469.jpg,Unlabeled,"[778, 1215, 1166, 1784]",1780239222838
keyframe_1780237803469.jpg,Unlabeled,"[1179, 1137, 1427, 1575]",1780239222838
keyframe_1780237803469.jpg,Unlabeled,"[1841, 1123, 2240, 1486]",1780239222838
keyframe_1780237803469.jpg,Unlabeled,"[168, 1004, 484, 1215]",1780239222838
keyframe_1780237803469.jpg,Unlabeled,"[1344, 1475, 2448, 2627]",1780239222838
keyframe_1780237803469.jpg,Unlabeled,"[383, 1124, 769, 1385]",1780239222838
keyframe_1780237803469.jpg,Unlabeled,"[161, 993, 488, 1311]",1780239222838
keyframe_1780237803469.jpg,Unlabeled,"[490, 984, 553, 1148]",1780239222838
keyframe_1780237803469.jpg,Unlabeled,"[0, 1591, 602, 2890]",1780239222838
keyframe_1780237803469.jpg,Unlabeled,"[40, 1319, 593, 1995]",1780239222838
keyframe_1780237803469.jpg,Unlabeled,"[541, 1607, 798, 2091]",1780239222838
keyframe_1780237772306.jpg,Unlabeled,"[18, 24, 2434, 3249]",1780239222838
keyframe_1780239290355.jpg,Room 1,"[1, 808, 455, 1662]",1780239250705
keyframe_1780239290355.jpg,Room 1,"[798, 653, 1012, 1000]",1780239250705
keyframe_1780239290355.jpg,Room 1,"[1399, 801, 2446, 2450]",1780239250705
keyframe_1780239290355.jpg,Room 1,"[798, 650, 1229, 1001]",1780239250705
keyframe_1780239278831.jpg,Room 1,"[338, 995, 891, 1205]",1780239250705
keyframe_1780239278831.jpg,Room 1,"[2025, 1538, 2448, 2016]",1780239250705
keyframe_1780239278831.jpg,Room 1,"[519, 795, 614, 1039]",1780239250705
keyframe_1780237767939.jpg,Unlabeled,"[1835, 2388, 2444, 3262]",1780239222838
keyframe_1780237767939.jpg,Unlabeled,"[1530, 578, 1719, 863]",1780239222838
keyframe_1780237767939.jpg,Unlabeled,"[2180, 1261, 2447, 2652]",1780239222838
keyframe_1780237787601.jpg,Unlabeled,"[1187, 642, 1674, 1369]",1780239222838
keyframe_1780237787601.jpg,Unlabeled,"[2, 1138, 926, 2823]",1780239222838
keyframe_1780237787601.jpg,Unlabeled,"[0, 576, 493, 1182]",1780239222838
keyframe_1780237832879.jpg,Unlabeled,"[272, 953, 858, 2094]",1780239222838
keyframe_1780237832879.jpg,Unlabeled,"[1115, 1209, 1310, 1505]",1780239222838
keyframe_1780237832879.jpg,Unlabeled,"[766, 819, 921, 1394]",1780239222838
keyframe_1780237832879.jpg,Unlabeled,"[841, 1254, 1018, 1598]",1780239222838
keyframe_1780237832879.jpg,Unlabeled,"[9, 1317, 770, 2649]",1780239222838
keyframe_1780237832879.jpg,Unlabeled,"[1496, 1161, 1723, 1499]",1780239222838
keyframe_1780239233158.jpg,Room 1,"[845, 1424, 1310, 2122]",1780239232090
keyframe_1780239233158.jpg,Room 1,"[1226, 755, 1709, 1091]",1780239232090
keyframe_1780237846726.jpg,Unlabeled,"[986, 1893, 1935, 3261]",1780239222838
keyframe_1780237846726.jpg,Unlabeled,"[868, 1167, 1127, 1458]",1780239222838
keyframe_1780237846726.jpg,Unlabeled,"[1157, 1082, 1294, 1470]",1780239222838
keyframe_1780237846726.jpg,Unlabeled,"[868, 1181, 1059, 1458]",1780239222838
keyframe_1780237846726.jpg,Unlabeled,"[1954, 1270, 2087, 1570]",1780239222838
keyframe_1780237816105.jpg,Unlabeled,"[499, 730, 1198, 1309]",1780239222838
keyframe_1780237814074.jpg,Unlabeled,"[1518, 1397, 2177, 2491]",1780239222838
keyframe_1780237814074.jpg,Unlabeled,"[1198, 739, 1496, 1061]",1780239222838
keyframe_1780237814074.jpg,Unlabeled,"[2189, 1488, 2446, 1620]",1780239222838
keyframe_1780237814074.jpg,Unlabeled,"[0, 1300, 479, 2846]",1780239222838
keyframe_1780237814074.jpg,Unlabeled,"[0, 1296, 824, 2837]",1780239222838
keyframe_1780237788136.jpg,Unlabeled,"[705, 920, 1162, 1708]",1780239222838
keyframe_1780237788136.jpg,Unlabeled,"[1778, 951, 2285, 1668]",1780239222838
keyframe_1780237788136.jpg,Unlabeled,"[2154, 1042, 2445, 1999]",1780239222838
keyframe_1780237788136.jpg,Unlabeled,"[273, 1055, 803, 2106]",1780239222838
keyframe_1780237788650.jpg,Unlabeled,"[570, 884, 1059, 1698]",1780239222838
keyframe_1780237788650.jpg,Unlabeled,"[2082, 1002, 2446, 2038]",1780239222838
keyframe_1780237788650.jpg,Unlabeled,"[4, 1001, 662, 2197]",1780239222838
keyframe_1780237788650.jpg,Unlabeled,"[1691, 917, 2151, 1655]",1780239222838
keyframe_1780237788650.jpg,Unlabeled,"[0, 683, 306, 1104]",1780239222838
keyframe_1780239237909.jpg,Room 1,"[1507, 1797, 1665, 1913]",1780239241310
keyframe_1780239237909.jpg,Room 1,"[77, 1745, 1299, 3259]",1780239241310
keyframe_1780239237909.jpg,Room 1,"[741, 937, 1543, 1630]",1780239241310
keyframe_1780239237909.jpg,Room 1,"[744, 1615, 1384, 1835]",1780239241310
keyframe_1780239237909.jpg,Room 1,"[1298, 134, 2446, 973]",1780239241310
keyframe_1780239237909.jpg,Room 1,"[1521, 1027, 2447, 1914]",1780239241310
keyframe_1780239237909.jpg,Room 1,"[55, 1248, 182, 1452]",1780239241310
keyframe_1780237848290.jpg,Unlabeled,"[1014, 1244, 1298, 1591]",1780239222838
keyframe_1780237848290.jpg,Unlabeled,"[1350, 1149, 1513, 1619]",1780239222838
keyframe_1780237848290.jpg,Unlabeled,"[1193, 1979, 2438, 3260]",1780239222838
keyframe_1780237848290.jpg,Unlabeled,"[2355, 1383, 2446, 1735]",1780239222838
keyframe_1780237848290.jpg,Unlabeled,"[1032, 1273, 1250, 1594]",1780239222838
keyframe_1780239232124.jpg,Room 1,"[503, 848, 937, 1117]",1780239232090
keyframe_1780237814588.jpg,Unlabeled,"[1376, 1398, 2170, 2681]",1780239222838
keyframe_1780237814588.jpg,Unlabeled,"[1033, 651, 1376, 1020]",1780239222838
keyframe_1780237814588.jpg,Unlabeled,"[2154, 1501, 2446, 1662]",1780239222838
keyframe_1780239265782.jpg,Room 1,"[1090, 1438, 1262, 1946]",1780239250705
keyframe_1780239265782.jpg,Room 1,"[688, 1640, 1095, 2068]",1780239250705
keyframe_1780239265782.jpg,Room 1,"[2059, 1085, 2446, 1528]",1780239250705
keyframe_1780239265782.jpg,Room 1,"[1699, 2018, 2447, 3261]",1780239250705
keyframe_1780239265782.jpg,Room 1,"[621, 0, 1376, 592]",1780239250705
keyframe_1780239265782.jpg,Room 1,"[496, 2296, 1282, 3260]",1780239250705
keyframe_1780237760348.jpg,Unlabeled,"[1626, 1137, 2024, 1397]",1780239222838
keyframe_1780237760348.jpg,Unlabeled,"[2053, 1475, 2446, 2894]",1780239222838
keyframe_1780237760348.jpg,Unlabeled,"[196, 1636, 502, 1766]",1780239222838
keyframe_1780237825231.jpg,Unlabeled,"[848, 1449, 1239, 1589]",1780239222838
keyframe_1780237825231.jpg,Unlabeled,"[1140, 1311, 1200, 1462]",1780239222838
keyframe_1780237825231.jpg,Unlabeled,"[939, 1343, 984, 1470]",1780239222838
keyframe_1780237825231.jpg,Unlabeled,"[269, 2653, 528, 3135]",1780239222838
keyframe_1780239290870.jpg,Room 1,"[1698, 1484, 2446, 3253]",1780239250705
keyframe_1780239290870.jpg,Room 1,"[518, 767, 749, 1125]",1780239250705
keyframe_1780239290870.jpg,Room 1,"[305, 810, 509, 1137]",1780239250705
keyframe_1780239290870.jpg,Room 1,"[943, 833, 1112, 1269]",1780239250705
keyframe_1780239290870.jpg,Room 1,"[737, 756, 956, 1121]",1780239250705
keyframe_1780239290870.jpg,Room 1,"[1244, 1226, 1704, 1427]",1780239250705
keyframe_1780239290870.jpg,Room 1,"[941, 462, 1129, 1300]",1780239250705
keyframe_1780237818775.jpg,Unlabeled,"[0, 1767, 789, 3117]",1780239222838
keyframe_1780237818775.jpg,Unlabeled,"[710, 1706, 1297, 1855]",1780239222838
keyframe_1780237818775.jpg,Unlabeled,"[2095, 1561, 2447, 2317]",1780239222838
keyframe_1780237818775.jpg,Unlabeled,"[938, 880, 1196, 983]",1780239222838
keyframe_1780237818775.jpg,Unlabeled,"[1037, 882, 1193, 982]",1780239222838
keyframe_1780237818775.jpg,Unlabeled,"[807, 1338, 1177, 1763]",1780239222838
keyframe_1780237769026.jpg,Unlabeled,"[319, 1871, 576, 2099]",1780239222838
keyframe_1780237769026.jpg,Unlabeled,"[324, 1876, 575, 2098]",1780239222838
keyframe_1780237776674.jpg,Unlabeled,"[1, 758, 776, 3239]",1780239222838
keyframe_1780237802249.jpg,Unlabeled,"[2035, 1915, 2447, 2766]",1780239222838
keyframe_1780237802249.jpg,Unlabeled,"[114, 1744, 985, 2983]",1780239222838
keyframe_1780237802249.jpg,Unlabeled,"[677, 1246, 922, 1438]",1780239222838
keyframe_1780237802249.jpg,Unlabeled,"[1, 2528, 693, 3262]",1780239222838
keyframe_1780237802249.jpg,Unlabeled,"[1546, 1618, 2446, 2565]",1780239222838
keyframe_1780237802249.jpg,Unlabeled,"[0, 2106, 692, 3261]",1780239222838
keyframe_1780237802249.jpg,Unlabeled,"[448, 1383, 586, 1535]",1780239222838
keyframe_1780237802249.jpg,Unlabeled,"[1535, 1648, 1965, 2550]",1780239222838
keyframe_1780237802249.jpg,Unlabeled,"[920, 1227, 966, 1358]",1780239222838
keyframe_1780237802249.jpg,Unlabeled,"[653, 1500, 995, 1783]",1780239222838
keyframe_1780237802249.jpg,Unlabeled,"[1145, 1424, 1452, 1885]",1780239222838
keyframe_1780237802249.jpg,Unlabeled,"[1626, 1617, 2440, 1893]",1780239222838
keyframe_1780237802249.jpg,Unlabeled,"[385, 1664, 996, 2615]",1780239222838
keyframe_1780237802249.jpg,Unlabeled,"[99, 1776, 541, 2591]",1780239222838
keyframe_1780237802249.jpg,Unlabeled,"[448, 1311, 592, 1535]",1780239222838
keyframe_1780237802249.jpg,Unlabeled,"[838, 1344, 1142, 1558]",1780239222838
keyframe_1780237802249.jpg,Unlabeled,"[13, 1777, 901, 3209]",1780239222838
keyframe_1780239269998.jpg,Room 1,"[148, 2732, 1339, 3262]",1780239250705
keyframe_1780239269998.jpg,Room 1,"[813, 1898, 1228, 2316]",1780239250705
keyframe_1780237800113.jpg,Unlabeled,"[1843, 1199, 2351, 1774]",1780239222838
keyframe_1780237800113.jpg,Unlabeled,"[1194, 945, 1459, 1340]",1780239222838
keyframe_1780237800113.jpg,Unlabeled,"[1509, 1079, 1858, 1668]",1780239222838
keyframe_1780237800113.jpg,Unlabeled,"[257, 1395, 1016, 2374]",1780239222838
keyframe_1780237800113.jpg,Unlabeled,"[822, 783, 1015, 966]",1780239222838
keyframe_1780237800113.jpg,Unlabeled,"[1517, 1051, 2446, 1737]",1780239222838
keyframe_1780237800113.jpg,Unlabeled,"[666, 1164, 1131, 1715]",1780239222838
keyframe_1780237800113.jpg,Unlabeled,"[614, 1515, 1026, 2087]",1780239222838
keyframe_1780237800113.jpg,Unlabeled,"[1528, 1055, 2448, 1215]",1780239222838
keyframe_1780237800113.jpg,Unlabeled,"[406, 1673, 988, 2375]",1780239222838
keyframe_1780237800113.jpg,Unlabeled,"[2340, 1276, 2447, 1739]",1780239222838
keyframe_1780237800113.jpg,Unlabeled,"[867, 981, 1011, 1159]",1780239222838
manual_1780239273299.jpg,Room 1,"[220, 1737, 1774, 3248]",1780239250705
manual_1780239273299.jpg,Room 1,"[550, 1561, 766, 2135]",1780239250705
manual_1780239273299.jpg,Room 1,"[1516, 1826, 2446, 3262]",1780239250705
manual_1780239273299.jpg,Room 1,"[9, 1392, 631, 2062]",1780239250705
manual_1780239273299.jpg,Room 1,"[762, 1885, 1429, 2262]",1780239250705
keyframe_1780237839745.jpg,Unlabeled,"[952, 2151, 2440, 3261]",1780239222838
keyframe_1780237839745.jpg,Unlabeled,"[779, 1136, 1193, 1663]",1780239222838
keyframe_1780237839745.jpg,Unlabeled,"[1590, 1834, 2045, 2133]",1780239222838
keyframe_1780237839745.jpg,Unlabeled,"[111, 903, 469, 1212]",1780239222838
keyframe_1780237839745.jpg,Unlabeled,"[781, 857, 1131, 1130]",1780239222838
keyframe_1780237839745.jpg,Unlabeled,"[1199, 877, 1471, 1110]",1780239222838
keyframe_1780237839745.jpg,Unlabeled,"[2257, 1230, 2446, 1526]",1780239222838
keyframe_1780237763132.jpg,Unlabeled,"[1738, 1033, 2317, 1425]",1780239222838
keyframe_1780237763132.jpg,Unlabeled,"[2069, 1367, 2446, 2559]",1780239222838
keyframe_1780237763132.jpg,Unlabeled,"[0, 1196, 188, 2073]",1780239222838
keyframe_1780237804003.jpg,Unlabeled,"[1911, 2161, 2445, 3262]",1780239222838
keyframe_1780237804003.jpg,Unlabeled,"[760, 1341, 1184, 2011]",1780239222838
keyframe_1780237804003.jpg,Unlabeled,"[1259, 1713, 1837, 3018]",1780239222838
keyframe_1780237804003.jpg,Unlabeled,"[1185, 1266, 1471, 1731]",1780239222838
keyframe_1780237804003.jpg,Unlabeled,"[1332, 1641, 2447, 3045]",1780239222838
keyframe_1780237804003.jpg,Unlabeled,"[140, 1119, 463, 1343]",1780239222838
keyframe_1780237804003.jpg,Unlabeled,"[0, 2092, 486, 3259]",1780239222838
keyframe_1780237804003.jpg,Unlabeled,"[489, 1773, 764, 2311]",1780239222838
keyframe_1780237804003.jpg,Unlabeled,"[460, 1105, 533, 1281]",1780239222838
keyframe_1780237804003.jpg,Unlabeled,"[353, 1259, 748, 1527]",1780239222838
keyframe_1780237831735.jpg,Unlabeled,"[1112, 1390, 1305, 1664]",1780239222838
keyframe_1780237831735.jpg,Unlabeled,"[1482, 1335, 1747, 1788]",1780239222838
keyframe_1780237831735.jpg,Unlabeled,"[0, 1478, 819, 3243]",1780239222838
keyframe_1780237831735.jpg,Unlabeled,"[2042, 758, 2447, 2780]",1780239222838
keyframe_1780237831735.jpg,Unlabeled,"[916, 1416, 1034, 1747]",1780239222838
keyframe_1780237831735.jpg,Unlabeled,"[355, 1137, 893, 2227]",1780239222838
keyframe_1780237831735.jpg,Unlabeled,"[888, 1418, 1033, 1922]",1780239222838
keyframe_1780237831735.jpg,Unlabeled,"[889, 1443, 1026, 1807]",1780239222838
keyframe_1780237831735.jpg,Unlabeled,"[1294, 1320, 1710, 1663]",1780239222838
keyframe_1780239274671.jpg,Room 1,"[678, 2148, 1179, 2788]",1780239250705
keyframe_1780239274671.jpg,Room 1,"[1378, 1145, 2259, 2591]",1780239250705
keyframe_1780239274671.jpg,Room 1,"[1394, 1702, 2249, 2583]",1780239250705
keyframe_1780239274671.jpg,Room 1,"[0, 2427, 1125, 3261]",1780239250705
keyframe_1780239273108.jpg,Room 1,"[540, 1626, 760, 2161]",1780239250705
keyframe_1780239273108.jpg,Room 1,"[211, 1767, 1761, 3256]",1780239250705
keyframe_1780239273108.jpg,Room 1,"[3, 1392, 630, 2097]",1780239250705
keyframe_1780239273108.jpg,Room 1,"[1507, 1855, 2446, 3261]",1780239250705
keyframe_1780239273108.jpg,Room 1,"[1505, 1857, 2445, 3262]",1780239250705
keyframe_1780237830171.jpg,Unlabeled,"[759, 95, 2444, 2987]",1780239222838
keyframe_1780237830171.jpg,Unlabeled,"[50, 4, 2443, 3068]",1780239222838
keyframe_1780239253743.jpg,Room 1,"[69, 966, 994, 2438]",1780239250705
keyframe_1780239253743.jpg,Room 1,"[1178, 2330, 1614, 2970]",1780239250705
keyframe_1780239253743.jpg,Room 1,"[0, 2357, 212, 2691]",1780239250705
keyframe_1780237842530.jpg,Unlabeled,"[587, 1223, 1040, 1867]",1780239222838
keyframe_1780237842530.jpg,Unlabeled,"[1233, 1156, 2059, 1940]",1780239222838
keyframe_1780237842530.jpg,Unlabeled,"[1418, 1764, 2326, 2544]",1780239222838
keyframe_1780237842530.jpg,Unlabeled,"[1416, 1441, 2332, 2549]",1780239222838
keyframe_1780237842530.jpg,Unlabeled,"[433, 869, 550, 1032]",1780239222838
keyframe_1780237842530.jpg,Unlabeled,"[2080, 1356, 2346, 1622]",1780239222838
keyframe_1780237842530.jpg,Unlabeled,"[969, 901, 1045, 1032]",1780239222838
keyframe_1780237842530.jpg,Unlabeled,"[0, 1613, 174, 2175]",1780239222838
keyframe_1780237842530.jpg,Unlabeled,"[1346, 789, 1418, 989]",1780239222838
keyframe_1780237842530.jpg,Unlabeled,"[2103, 1734, 2395, 2416]",1780239222838
keyframe_1780239230582.jpg,Room 1,"[676, 18, 2439, 3051]",1780239232090
keyframe_1780239251168.jpg,Room 1,"[371, 1177, 975, 2070]",1780239250705
keyframe_1780239251168.jpg,Room 1,"[1387, 1888, 1596, 2358]",1780239250705
keyframe_1780239251168.jpg,Room 1,"[1130, 1891, 1365, 2251]",1780239250705
keyframe_1780237782319.jpg,Unlabeled,"[2201, 2167, 2384, 2299]",1780239222838
keyframe_1780237782319.jpg,Unlabeled,"[1002, 1919, 1948, 3259]",1780239222838
keyframe_1780237782319.jpg,Unlabeled,"[6, 1372, 611, 2365]",1780239222838
keyframe_1780237782319.jpg,Unlabeled,"[2104, 855, 2446, 1368]",1780239222838
keyframe_1780237782319.jpg,Unlabeled,"[1527, 1291, 2443, 2021]",1780239222838
keyframe_1780237810869.jpg,Unlabeled,"[1569, 1004, 1903, 1593]",1780239222838
keyframe_1780237810869.jpg,Unlabeled,"[1786, 1472, 2444, 2815]",1780239222838
keyframe_1780237810869.jpg,Unlabeled,"[1471, 591, 1667, 806]",1780239222838
keyframe_1780237810869.jpg,Unlabeled,"[628, 896, 837, 1117]",1780239222838
keyframe_1780237810869.jpg,Unlabeled,"[753, 931, 1024, 1623]",1780239222838
keyframe_1780237810869.jpg,Unlabeled,"[408, 814, 599, 1125]",1780239222838
keyframe_1780237810869.jpg,Unlabeled,"[1888, 1099, 2206, 1638]",1780239222838
keyframe_1780237780888.jpg,Unlabeled,"[472, 1857, 996, 2014]",1780239222838
keyframe_1780237780888.jpg,Unlabeled,"[1, 2019, 948, 3258]",1780239222838
keyframe_1780237780888.jpg,Unlabeled,"[1085, 1963, 1225, 2062]",1780239222838
keyframe_1780237780888.jpg,Unlabeled,"[412, 1259, 1112, 1818]",1780239222838
keyframe_1780237780888.jpg,Unlabeled,"[874, 586, 1836, 1259]",1780239222838
keyframe_1780237780888.jpg,Unlabeled,"[1105, 1293, 1817, 2009]",1780239222838
keyframe_1780237820997.jpg,Unlabeled,"[890, 336, 1339, 838]",1780239222838
keyframe_1780237820997.jpg,Unlabeled,"[1376, 1424, 2441, 3251]",1780239222838
keyframe_1780237786591.jpg,Unlabeled,"[301, 982, 1506, 1654]",1780239222838
keyframe_1780237786591.jpg,Unlabeled,"[1614, 1039, 2444, 1984]",1780239222838
keyframe_1780237786591.jpg,Unlabeled,"[398, 1887, 1487, 2153]",1780239222838
keyframe_1780237786591.jpg,Unlabeled,"[1538, 2175, 1710, 2377]",1780239222838
keyframe_1780237786591.jpg,Unlabeled,"[26, 2892, 1613, 3262]",1780239222838
keyframe_1780239289304.jpg,Room 1,"[0, 1019, 835, 2508]",1780239250705
keyframe_1780239289304.jpg,Room 1,"[1234, 726, 1910, 1662]",1780239250705
keyframe_1780239289304.jpg,Room 1,"[0, 450, 725, 961]",1780239250705
keyframe_1780239289304.jpg,Room 1,"[1990, 808, 2447, 1441]",1780239250705
keyframe_1780239289304.jpg,Room 1,"[1291, 118, 1989, 486]",1780239250705
keyframe_1780239289304.jpg,Room 1,"[1977, 566, 2143, 801]",1780239250705
keyframe_1780237793361.jpg,Unlabeled,"[387, 1405, 553, 1740]",1780239222838
keyframe_1780237793361.jpg,Unlabeled,"[131, 1473, 354, 1746]",1780239222838
keyframe_1780239266869.jpg,Room 1,"[1013, 1448, 1196, 1978]",1780239250705
keyframe_1780239266869.jpg,Room 1,"[575, 1655, 1000, 2112]",1780239250705
keyframe_1780239266869.jpg,Room 1,"[1650, 2057, 2446, 3263]",1780239250705
keyframe_1780239266869.jpg,Room 1,"[2039, 1118, 2446, 1553]",1780239250705
keyframe_1780239266869.jpg,Room 1,"[1651, 2057, 2446, 2781]",1780239250705
keyframe_1780239233673.jpg,Room 1,"[1420, 1406, 1923, 2168]",1780239232090
keyframe_1780239233673.jpg,Room 1,"[1600, 1047, 2019, 1351]",1780239232090
keyframe_1780239233673.jpg,Room 1,"[1894, 617, 2446, 1025]",1780239232090
keyframe_1780239278316.jpg,Room 1,"[390, 1009, 858, 1196]",1780239250705
keyframe_1780239278316.jpg,Room 1,"[530, 829, 614, 1037]",1780239250705
keyframe_1780239278316.jpg,Room 1,"[2172, 1291, 2447, 2018]",1780239250705
keyframe_1780239278316.jpg,Room 1,"[387, 1009, 859, 1390]",1780239250705
keyframe_1780239240064.jpg,Room 1,"[1058, 2023, 1285, 2216]",1780239241310
keyframe_1780239240064.jpg,Room 1,"[12, 1788, 897, 2137]",1780239241310
keyframe_1780239240064.jpg,Room 1,"[0, 946, 1033, 1723]",1780239241310
keyframe_1780239240064.jpg,Room 1,"[603, 12, 2255, 914]",1780239241310
keyframe_1780239240064.jpg,Room 1,"[1031, 1046, 2403, 2126]",1780239241310
keyframe_1780239240064.jpg,Room 1,"[89, 1, 2282, 919]",1780239241310
keyframe_1780239255327.jpg,Room 1,"[60, 1043, 984, 2504]",1780239250705
keyframe_1780239255327.jpg,Room 1,"[1177, 2390, 1609, 3045]",1780239250705
keyframe_1780239255327.jpg,Room 1,"[205, 2043, 398, 2273]",1780239250705
keyframe_1780239255327.jpg,Room 1,"[0, 2437, 208, 2778]",1780239250705
keyframe_1780239255327.jpg,Room 1,"[712, 2320, 1201, 2796]",1780239250705
keyframe_1780237833451.jpg,Unlabeled,"[0, 1292, 612, 2922]",1780239222838
keyframe_1780237833451.jpg,Unlabeled,"[1058, 1203, 1262, 1497]",1780239222838
keyframe_1780237833451.jpg,Unlabeled,"[95, 882, 733, 2131]",1780239222838
keyframe_1780237833451.jpg,Unlabeled,"[732, 1233, 942, 1586]",1780239222838
keyframe_1780237833451.jpg,Unlabeled,"[674, 748, 834, 1377]",1780239222838
keyframe_1780237833451.jpg,Unlabeled,"[1403, 1166, 1680, 1530]",1780239222838
keyframe_1780237833451.jpg,Unlabeled,"[1440, 1163, 1685, 1621]",1780239222838
keyframe_1780237837151.jpg,Unlabeled,"[0, 1648, 401, 3142]",1780239222838
keyframe_1780237837151.jpg,Unlabeled,"[1592, 1333, 2256, 2268]",1780239222838
keyframe_1780237837151.jpg,Unlabeled,"[2004, 1971, 2446, 3261]",1780239222838
keyframe_1780237837151.jpg,Unlabeled,"[1020, 1330, 1344, 1857]",1780239222838
keyframe_1780237837151.jpg,Unlabeled,"[2, 1405, 813, 2119]",1780239222838
keyframe_1780237837151.jpg,Unlabeled,"[942, 1143, 1036, 1253]",1780239222838
keyframe_1780237837151.jpg,Unlabeled,"[1264, 1163, 1310, 1258]",1780239222838
keyframe_1780239261069.jpg,Room 1,"[1069, 1045, 1369, 1524]",1780239250705
keyframe_1780239261069.jpg,Room 1,"[1439, 1233, 1803, 1952]",1780239250705
keyframe_1780239261069.jpg,Room 1,"[1826, 1402, 2445, 2080]",1780239250705
keyframe_1780239261069.jpg,Room 1,"[0, 2034, 753, 3252]",1780239250705
keyframe_1780239261069.jpg,Room 1,"[350, 1253, 987, 2096]",1780239250705
keyframe_1780239261069.jpg,Room 1,"[647, 876, 870, 1108]",1780239250705
keyframe_1780239261069.jpg,Room 1,"[639, 1112, 1102, 1661]",1780239250705
keyframe_1780239261069.jpg,Room 1,"[1451, 1189, 2447, 1927]",1780239250705
keyframe_1780239261069.jpg,Room 1,"[285, 1873, 829, 2736]",1780239250705
keyframe_1780239261069.jpg,Room 1,"[54, 1579, 834, 2754]",1780239250705
keyframe_1780239261069.jpg,Room 1,"[1507, 1198, 2448, 1418]",1780239250705
keyframe_1780239256376.jpg,Room 1,"[0, 1081, 879, 2537]",1780239250705
keyframe_1780239256376.jpg,Room 1,"[1093, 2353, 1521, 2998]",1780239250705
keyframe_1780239239014.jpg,Room 1,"[994, 2054, 1224, 2237]",1780239241310
keyframe_1780239239014.jpg,Room 1,"[0, 1857, 832, 2182]",1780239241310
keyframe_1780239239014.jpg,Room 1,"[0, 1021, 956, 1753]",1780239241310
keyframe_1780239239014.jpg,Room 1,"[929, 1083, 2251, 2124]",1780239241310
keyframe_1780239239014.jpg,Room 1,"[499, 2, 2138, 963]",1780239241310
keyframe_1780239279346.jpg,Room 1,"[0, 1113, 502, 1379]",1780239250705
keyframe_1780239279346.jpg,Room 1,"[0, 1609, 394, 3080]",1780239250705
keyframe_1780239279346.jpg,Room 1,"[27, 883, 152, 1150]",1780239250705
keyframe_1780237835568.jpg,Unlabeled,"[1691, 1343, 2386, 2293]",1780239222838
keyframe_1780237835568.jpg,Unlabeled,"[1403, 1228, 1836, 1891]",1780239222838
keyframe_1780237835568.jpg,Unlabeled,"[0, 639, 379, 1712]",1780239222838
keyframe_1780237835568.jpg,Unlabeled,"[973, 1291, 1223, 1676]",1780239222838
keyframe_1780237835568.jpg,Unlabeled,"[436, 1400, 691, 2288]",1780239222838
keyframe_1780237835568.jpg,Unlabeled,"[444, 1395, 691, 1889]",1780239222838
keyframe_1780237835568.jpg,Unlabeled,"[868, 915, 1207, 1221]",1780239222838
keyframe_1780237835568.jpg,Unlabeled,"[334, 1398, 701, 2286]",1780239222838
keyframe_1780237835568.jpg,Unlabeled,"[628, 913, 1208, 1281]",1780239222838
keyframe_1780237835568.jpg,Unlabeled,"[937, 1191, 1687, 1678]",1780239222838
keyframe_1780237766298.jpg,Unlabeled,"[24, 1716, 679, 2417]",1780239222838
keyframe_1780237771257.jpg,Unlabeled,"[1124, 2102, 1860, 2855]",1780239222838
keyframe_1780237771257.jpg,Unlabeled,"[1757, 188, 2179, 719]",1780239222838
keyframe_1780239275178.jpg,Room 1,"[0, 1236, 950, 2896]",1780239250705
keyframe_1780239275178.jpg,Room 1,"[1010, 309, 1537, 1812]",1780239250705
keyframe_1780237845677.jpg,Unlabeled,"[1191, 1673, 1967, 2914]",1780239222838
keyframe_1780237845677.jpg,Unlabeled,"[0, 1341, 496, 2523]",1780239222838
keyframe_1780237845677.jpg,Unlabeled,"[1329, 980, 1441, 1313]",1780239222838
keyframe_1780237845677.jpg,Unlabeled,"[1092, 1070, 1273, 1305]",1780239222838
keyframe_1780237845677.jpg,Unlabeled,"[0, 1323, 202, 2291]",1780239222838
keyframe_1780237845677.jpg,Unlabeled,"[2100, 74, 2329, 175]",1780239222838
keyframe_1780239252713.jpg,Room 1,"[356, 1024, 1140, 2312]",1780239250705
keyframe_1780239252713.jpg,Room 1,"[0, 2224, 417, 2550]",1780239250705
keyframe_1780239252713.jpg,Room 1,"[1292, 2192, 1659, 2755]",1780239250705
keyframe_1780239252713.jpg,Room 1,"[882, 2124, 1308, 2685]",1780239250705
keyframe_1780239252713.jpg,Room 1,"[1647, 2304, 2040, 3049]",1780239250705
keyframe_1780237784397.jpg,Unlabeled,"[340, 1809, 1372, 2148]",1780239222838
keyframe_1780237784397.jpg,Unlabeled,"[1174, 1019, 1952, 1717]",1780239222838
keyframe_1780237784397.jpg,Unlabeled,"[1473, 1947, 1628, 2114]",1780239222838
keyframe_1780237784397.jpg,Unlabeled,"[0, 978, 1156, 1782]",1780239222838
keyframe_1780237784397.jpg,Unlabeled,"[346, 2753, 2386, 3262]",1780239222838
keyframe_1780237784397.jpg,Unlabeled,"[370, 2758, 1750, 3262]",1780239222838
keyframe_1780237784397.jpg,Unlabeled,"[0, 1971, 259, 2427]",1780239222838
keyframe_1780237784397.jpg,Unlabeled,"[1978, 855, 2446, 1452]",1780239222838
keyframe_1780239243193.jpg,Room 1,"[1809, 1106, 2295, 1773]",1780239241310
keyframe_1780239243193.jpg,Room 1,"[670, 1521, 1555, 2917]",1780239241310
keyframe_1780239243193.jpg,Room 1,"[347, 1684, 989, 2041]",1780239241310
keyframe_1780239243193.jpg,Room 1,"[517, 1080, 1243, 1583]",1780239241310
keyframe_1780239243193.jpg,Room 1,"[0, 999, 732, 1852]",1780239241310
keyframe_1780239243193.jpg,Room 1,"[1511, 1215, 1867, 2068]",1780239241310
keyframe_1780239243193.jpg,Room 1,"[1230, 1176, 1500, 1561]",1780239241310
keyframe_1780239243193.jpg,Room 1,"[0, 2277, 91, 2373]",1780239241310
keyframe_1780239243193.jpg,Room 1,"[0, 636, 839, 1025]",1780239241310
keyframe_1780239267384.jpg,Room 1,"[865, 1395, 1057, 1940]",1780239250705
keyframe_1780239267384.jpg,Room 1,"[403, 1620, 793, 2094]",1780239250705
keyframe_1780239267384.jpg,Room 1,"[1914, 1023, 2445, 1513]",1780239250705
keyframe_1780239267384.jpg,Room 1,"[1516, 2022, 2447, 3263]",1780239250705
keyframe_1780239267384.jpg,Room 1,"[108, 2388, 1070, 3262]",1780239250705
keyframe_1780237767385.jpg,Unlabeled,"[305, 1369, 466, 1513]",1780239222838
keyframe_1780237767385.jpg,Unlabeled,"[0, 1647, 594, 2880]",1780239222838
keyframe_1780239259524.jpg,Room 1,"[1594, 397, 1844, 821]",1780239250705
keyframe_1780239259524.jpg,Room 1,"[1238, 228, 1412, 430]",1780239250705
keyframe_1780239259524.jpg,Room 1,"[1142, 572, 1517, 1079]",1780239250705
keyframe_1780239259524.jpg,Room 1,"[2200, 655, 2446, 1223]",1780239250705
keyframe_1780239259524.jpg,Room 1,"[948, 959, 1415, 1641]",1780239250705
keyframe_1780239259524.jpg,Room 1,"[1874, 525, 2246, 1140]",1780239250705
keyframe_1780239259524.jpg,Room 1,"[1908, 506, 2446, 1143]",1780239250705
keyframe_1780239259524.jpg,Room 1,"[846, 802, 1408, 1640]",1780239250705
keyframe_1780239277801.jpg,Room 1,"[555, 985, 959, 1142]",1780239250705
keyframe_1780239277801.jpg,Room 1,"[0, 895, 590, 3258]",1780239250705
keyframe_1780237838703.jpg,Unlabeled,"[6, 1867, 1122, 3258]",1780239222838
keyframe_1780237838703.jpg,Unlabeled,"[460, 1825, 846, 1931]",1780239222838
keyframe_1780237838703.jpg,Unlabeled,"[0, 1312, 2094, 2122]",1780239222838
keyframe_1780237838703.jpg,Unlabeled,"[20, 1313, 2091, 2292]",1780239222838
keyframe_1780239255861.jpg,Room 1,"[5, 1059, 972, 2521]",1780239250705
keyframe_1780239255861.jpg,Room 1,"[161, 2069, 360, 2297]",1780239250705
keyframe_1780237825746.jpg,Unlabeled,"[979, 1519, 1367, 1656]",1780239222838
keyframe_1780237825746.jpg,Unlabeled,"[1267, 1382, 1324, 1533]",1780239222838
keyframe_1780237825746.jpg,Unlabeled,"[985, 1520, 1369, 1614]",1780239222838
keyframe_1780237825746.jpg,Unlabeled,"[1060, 1409, 1112, 1539]",1780239222838
keyframe_1780237811385.jpg,Unlabeled,"[1704, 1610, 2446, 3171]",1780239222838
keyframe_1780237811385.jpg,Unlabeled,"[1391, 1014, 1733, 1638]",1780239222838
keyframe_1780237811385.jpg,Unlabeled,"[1847, 871, 2093, 1156]",1780239222838
keyframe_1780237811385.jpg,Unlabeled,"[1247, 577, 1456, 806]",1780239222838
keyframe_1780237811385.jpg,Unlabeled,"[54, 821, 417, 1167]",1780239222838
keyframe_1780237811385.jpg,Unlabeled,"[1687, 1153, 2113, 2055]",1780239222838
keyframe_1780237811385.jpg,Unlabeled,"[468, 936, 798, 1708]",1780239222838
keyframe_1780237811385.jpg,Unlabeled,"[2279, 911, 2446, 1179]",1780239222838
keyframe_1780237829618.jpg,Unlabeled,"[1715, 1679, 2448, 1945]",1780239222838
keyframe_1780237829618.jpg,Unlabeled,"[2335, 1421, 2447, 1731]",1780239222838
keyframe_1780237829618.jpg,Unlabeled,"[2237, 1509, 2344, 1706]",1780239222838
keyframe_1780237829618.jpg,Unlabeled,"[1814, 1481, 1892, 1669]",1780239222838
keyframe_1780237829618.jpg,Unlabeled,"[1926, 1456, 2029, 1688]",1780239222838
keyframe_1780237829618.jpg,Unlabeled,"[1145, 1682, 1252, 1863]",1780239222838
keyframe_1780239238443.jpg,Room 1,"[1394, 1961, 1589, 2116]",1780239241310
keyframe_1780239238443.jpg,Room 1,"[490, 1703, 1262, 2015]",1780239241310
keyframe_1780239238443.jpg,Room 1,"[476, 942, 1422, 1730]",1780239241310
keyframe_1780239238443.jpg,Room 1,"[1129, 1, 2446, 980]",1780239241310
keyframe_1780239238443.jpg,Room 1,"[1407, 1044, 2446, 2114]",1780239241310
keyframe_1780239238443.jpg,Room 1,"[0, 2210, 1014, 3261]",1780239241310
keyframe_1780239223275.jpg,Room 1,"[2028, 1626, 2445, 2676]",1780239222838
keyframe_1780239223275.jpg,Room 1,"[1846, 1131, 2447, 2003]",1780239222838
keyframe_1780239223275.jpg,Room 1,"[33, 1384, 439, 1706]",1780239222838
keyframe_1780239223275.jpg,Room 1,"[1805, 639, 2446, 1487]",1780239222838
keyframe_1780237844609.jpg,Unlabeled,"[1018, 622, 1174, 832]",1780239222838
keyframe_1780237844609.jpg,Unlabeled,"[1141, 1050, 1717, 2002]",1780239222838
keyframe_1780237844609.jpg,Unlabeled,"[2, 874, 660, 1484]",1780239222838
keyframe_1780237844609.jpg,Unlabeled,"[1217, 533, 1309, 831]",1780239222838
keyframe_1780237844609.jpg,Unlabeled,"[1606, 660, 1705, 871]",1780239222838
keyframe_1780237844609.jpg,Unlabeled,"[1970, 1378, 2445, 2269]",1780239222838
keyframe_1780237844609.jpg,Unlabeled,"[2318, 501, 2447, 841]",1780239222838
keyframe_1780237844609.jpg,Unlabeled,"[1, 1353, 593, 2880]",1780239222838
keyframe_1780237844609.jpg,Unlabeled,"[1, 1359, 592, 2888]",1780239222838
keyframe_1780237844609.jpg,Unlabeled,"[1737, 655, 1842, 865]",1780239222838
keyframe_1780239288790.jpg,Room 1,"[1363, 1053, 2232, 2213]",1780239250705
keyframe_1780239288790.jpg,Room 1,"[1634, 565, 2207, 953]",1780239250705
keyframe_1780239288790.jpg,Room 1,"[1066, 571, 1659, 968]",1780239250705
keyframe_1780239288790.jpg,Room 1,"[1102, 987, 1635, 1081]",1780239250705
keyframe_1780237848806.jpg,Unlabeled,"[1005, 1216, 1312, 1565]",1780239222838
keyframe_1780237848806.jpg,Unlabeled,"[1347, 1115, 1511, 1588]",1780239222838
keyframe_1780237848806.jpg,Unlabeled,"[1159, 1960, 2433, 3260]",1780239222838
keyframe_1780237786019.jpg,Unlabeled,"[1034, 2009, 2175, 2464]",1780239222838
keyframe_1780237786019.jpg,Unlabeled,"[1081, 1108, 2273, 1882]",1780239222838
keyframe_1780237786019.jpg,Unlabeled,"[2208, 2502, 2442, 2764]",1780239222838
keyframe_1780237786019.jpg,Unlabeled,"[663, 3046, 1697, 3262]",1780239222838
keyframe_1780237786019.jpg,Unlabeled,"[2299, 1222, 2447, 1945]",1780239222838
keyframe_1780237847260.jpg,Unlabeled,"[997, 1914, 2185, 3262]",1780239222838
keyframe_1780237847260.jpg,Unlabeled,"[893, 1238, 1170, 1548]",1780239222838
keyframe_1780237847260.jpg,Unlabeled,"[1207, 1130, 1358, 1566]",1780239222838
keyframe_1780237847260.jpg,Unlabeled,"[2122, 1356, 2242, 1678]",1780239222838
keyframe_1780237789699.jpg,Unlabeled,"[608, 1002, 1127, 1895]",1780239222838
keyframe_1780237789699.jpg,Unlabeled,"[1893, 1094, 2374, 2019]",1780239222838
keyframe_1780237789699.jpg,Unlabeled,"[1, 1205, 580, 2644]",1780239222838
keyframe_1780237804614.jpg,Unlabeled,"[0, 1340, 306, 1681]",1780239222838
keyframe_1780237804614.jpg,Unlabeled,"[1701, 2319, 2446, 3262]",1780239222838
keyframe_1780237804614.jpg,Unlabeled,"[853, 1857, 1582, 3174]",1780239222838
keyframe_1780237804614.jpg,Unlabeled,"[0, 1968, 339, 2636]",1780239222838
keyframe_1780237804614.jpg,Unlabeled,"[945, 1685, 2446, 3204]",1780239222838
keyframe_1780237804614.jpg,Unlabeled,"[804, 1331, 1244, 1875]",1780239222838
keyframe_1780237804614.jpg,Unlabeled,"[290, 1441, 814, 2168]",1780239222838
keyframe_1780239257898.jpg,Room 1,"[839, 597, 933, 647]",1780239250705
keyframe_1780239257898.jpg,Room 1,"[994, 1739, 1769, 2988]",1780239250705
keyframe_1780239257898.jpg,Room 1,"[1967, 1560, 2446, 2459]",1780239250705
keyframe_1780237839230.jpg,Unlabeled,"[823, 2140, 2174, 3260]",1780239222838
keyframe_1780237839230.jpg,Unlabeled,"[1411, 1953, 1815, 2141]",1780239222838
keyframe_1780237839230.jpg,Unlabeled,"[530, 1223, 976, 1753]",1780239222838
keyframe_1780237839230.jpg,Unlabeled,"[939, 963, 1213, 1198]",1780239222838
keyframe_1780237839230.jpg,Unlabeled,"[518, 965, 858, 1199]",1780239222838
keyframe_1780237839230.jpg,Unlabeled,"[0, 1019, 192, 1247]",1780239222838
keyframe_1780237766852.jpg,Unlabeled,"[1, 1780, 734, 2613]",1780239222838
keyframe_1780237766852.jpg,Unlabeled,"[0, 1759, 102, 1817]",1780239222838
keyframe_1780239226442.jpg,Room 1,"[1192, 1177, 2446, 3215]",1780239222838
keyframe_1780237775033.jpg,Unlabeled,"[809, 695, 1206, 962]",1780239222838
keyframe_1780237808600.jpg,Unlabeled,"[2048, 1967, 2447, 3107]",1780239222838
keyframe_1780237808600.jpg,Unlabeled,"[0, 708, 334, 1533]",1780239222838
keyframe_1780237808600.jpg,Unlabeled,"[1492, 1202, 1754, 1676]",1780239222838
keyframe_1780237808600.jpg,Unlabeled,"[1661, 1487, 2090, 2359]",1780239222838
keyframe_1780237808600.jpg,Unlabeled,"[2022, 1579, 2279, 1727]",1780239222838
keyframe_1780237808600.jpg,Unlabeled,"[1399, 883, 1557, 1056]",1780239222838
keyframe_1780237808600.jpg,Unlabeled,"[722, 1109, 894, 1275]",1780239222838
keyframe_1780237808600.jpg,Unlabeled,"[2260, 1264, 2447, 1862]",1780239222838
keyframe_1780237808600.jpg,Unlabeled,"[2316, 955, 2447, 1283]",1780239222838
keyframe_1780237808600.jpg,Unlabeled,"[2340, 1268, 2446, 1839]",1780239222838
keyframe_1780237808600.jpg,Unlabeled,"[1998, 920, 2445, 1264]",1780239222838
keyframe_1780237801142.jpg,Unlabeled,"[1483, 1243, 1839, 1953]",1780239222838
keyframe_1780237801142.jpg,Unlabeled,"[686, 912, 896, 1133]",1780239222838
keyframe_1780237801142.jpg,Unlabeled,"[0, 2154, 816, 3197]",1780239222838
keyframe_1780237801142.jpg,Unlabeled,"[1880, 1387, 2445, 2065]",1780239222838
keyframe_1780237801142.jpg,Unlabeled,"[1106, 1083, 1405, 1516]",1780239222838
keyframe_1780237801142.jpg,Unlabeled,"[385, 1263, 1022, 2194]",1780239222838
keyframe_1780237801142.jpg,Unlabeled,"[347, 1845, 884, 2617]",1780239222838
keyframe_1780237801142.jpg,Unlabeled,"[1515, 1216, 2448, 1945]",1780239222838
keyframe_1780237801142.jpg,Unlabeled,"[1547, 1218, 2448, 1405]",1780239222838
keyframe_1780237801142.jpg,Unlabeled,"[719, 1126, 1004, 1363]",1780239222838
keyframe_1780237801142.jpg,Unlabeled,"[462, 1260, 1034, 1996]",1780239222838
keyframe_1780237801142.jpg,Unlabeled,"[520, 993, 649, 1169]",1780239222838
keyframe_1780237801142.jpg,Unlabeled,"[43, 1721, 878, 2631]",1780239222838
keyframe_1780237801142.jpg,Unlabeled,"[727, 1052, 836, 1135]",1780239222838
